consecutivo;E_Org1;E_Org2;E_Org3;E_Org4;E_Org5;E_Org6;Total_Org;Func_7;Func_8;Func_9;Func_10;Total_Func;IntPE_11;IntPE_12;IntPE_13;IntPE_14;IntPE_15;IntPE_16;IntPE_17;IntPE_18;IntPE_19;Total_IntPE;Met_20;Met_21;Met_22;Met_23;Met_24;Total_Met;Eval_25;Eval_26;Eval_27;Total_Eval;IntP_28;IntP_29;IntP_30;IntP_31;IntP_32;IntP_33;Total_IntP;IntExt_34;IntExt_35;IntExt_36;Total_Ext;Sat_37;Sat_38;Sat_39;Sat_40;Sat_41;Total_Sat;P_Sex;P_Edad;P_GrAcad;P_ExpDOC;P_CondLab;P_OtroTrab;P_AsistReg;P_ImAntes;P_Nveces;P_E_Org1;P_E_Org2;P_E_Org3;P_E_Org4;P_E_Org5;P_E_Org6;P_Func_7;P_Func_8;P_Func_9;P_Func_10;P_IntPE_11;P_IntPE_12;P_IntPE_13;P_IntPE_14;P_IntPE_15;P_IntPE_16;P_IntPE_17;P_IntPE_18;P_IntPE_19;P_Met_20;P_Met_21;P_Met_22;P_Met_23;P_Met_24;P_Eval_25;P_Eval_26;P_Eval_27;P_IntP_28;P_IntP_29;P_IntP_30;P_IntP_31;P_IntP_32;P_IntP_33;P_IntExt_34;P_IntExt_35;P_IntExt_36;P_Sat_37;P_Sat_38;P_Sat_39;P_Sat_40;P_Sat_41;;;;;;;;;;;;;;;;
1;4;4;3;4;2;2;19;3;2;3;2;10;3;4;4;4;4;4;4;4;3;34;4;4;4;4;4;20;4;4;4;12;4;4;4;3;4;4;23;3;3;3;9;4;4;4;4;4;20;0;54;3;34;2;1;20;1;10;3;3;4;4;3;3;2;4;4;3;2;4;4;4;4;4;4;4;4;NA;NA;4;NA;4;2;2;3;4;4;4;NA;4;4;2;4;3;3;2;4;4;4;;;;;;;;;;;;;;;;
2;3;3;3;3;2;3;17;3;3;2;2;10;4;4;3;3;2;3;4;3;3;29;2;3;3;4;4;16;4;3;4;11;3;3;2;1;3;2;14;3;3;2;8;3;3;3;4;4;17;0;54;3;34;2;1;20;1;10;3;3;4;4;3;3;2;4;4;3;2;4;4;4;4;4;4;4;4;NA;NA;4;NA;4;2;2;3;4;4;4;NA;4;4;2;4;3;3;2;4;4;4;;;;;;;;;;;;;;;;
3;4;4;4;4;4;4;24;4;4;3;3;14;4;4;4;4;4;4;4;4;4;36;4;4;4;4;4;20;4;4;4;12;3;3;3;3;2;3;17;4;3;4;11;4;4;4;4;4;20;0;54;3;34;2;1;20;1;10;3;3;4;4;3;3;2;4;4;3;2;4;4;4;4;4;4;4;4;NA;NA;4;NA;4;2;2;3;4;4;4;NA;4;4;2;4;3;3;2;4;4;4;;;;;;;;;;;;;;;;
4;2;4;2;3;2;3;16;3;4;2;3;12;3;3;2;2;3;3;2;3;3;24;2;3;3;3;3;14;4;2;2;8;3;4;3;2;4;2;18;3;4;3;10;3;3;2;2;3;13;0;54;3;34;2;1;20;1;10;3;3;4;4;3;3;2;4;4;3;2;4;4;4;4;4;4;4;4;NA;NA;4;NA;4;2;2;3;4;4;4;NA;4;4;2;4;3;3;2;4;4;4;;;;;;;;;;;;;;;;
5;4;4;3;3;3;3;20;3;3;4;4;14;4;4;4;4;4;4;4;4;4;36;4;4;4;4;4;20;4;4;4;12;4;4;4;4;4;4;24;3;3;3;9;4;4;4;4;4;20;0;54;3;34;2;1;20;1;10;3;3;4;4;3;3;2;4;4;3;2;4;4;4;4;4;4;4;4;NA;NA;4;NA;4;2;2;3;4;4;4;NA;4;4;2;4;3;3;2;4;4;4;;;;;;;;;;;;;;;;
6;4;4;4;4;2;2;20;3;3;NA;3;9;3;3;3;4;3;3;3;4;4;30;3;3;3;4;4;17;4;3;4;11;4;4;4;4;3;3;22;3;4;3;10;3;3;2;3;4;15;0;54;3;34;2;1;20;1;10;3;3;4;4;3;3;2;4;4;3;2;4;4;4;4;4;4;4;4;NA;NA;4;NA;4;2;2;3;4;4;4;NA;4;4;2;4;3;3;2;4;4;4;;;;;;;;;;;;;;;;
7;3;3;3;3;2;2;16;2;2;3;2;9;4;3;2;3;2;3;3;2;3;25;3;2;3;3;3;14;4;4;2;10;3;3;3;2;4;4;19;2;3;3;8;2;3;2;3;3;13;0;54;3;34;2;1;20;1;10;3;3;4;4;3;3;2;4;4;3;2;4;4;4;4;4;4;4;4;NA;NA;4;NA;4;2;2;3;4;4;4;NA;4;4;2;4;3;3;2;4;4;4;;;;;;;;;;;;;;;;
8;4;4;2;4;2;2;18;2;2;3;3;10;4;4;4;4;4;4;4;3;4;35;4;4;4;4;4;20;4;4;4;12;4;4;4;4;4;4;24;2;2;2;6;2;2;2;4;4;14;0;54;3;34;2;1;20;1;10;3;3;4;4;3;3;2;4;4;3;2;4;4;4;4;4;4;4;4;NA;NA;4;NA;4;2;2;3;4;4;4;NA;4;4;2;4;3;3;2;4;4;4;;;;;;;;;;;;;;;;
9;4;4;4;4;3;3;22;4;4;4;4;16;4;4;3;3;3;4;4;4;4;33;3;4;4;4;4;19;4;3;3;10;4;4;4;3;4;4;23;4;4;4;12;4;4;4;4;4;20;0;54;3;34;2;1;20;1;10;3;3;4;4;3;3;2;4;4;3;2;4;4;4;4;4;4;4;4;NA;NA;4;NA;4;2;2;3;4;4;4;NA;4;4;2;4;3;3;2;4;4;4;;;;;;;;;;;;;;;;
10;4;4;4;3;3;2;20;2;2;4;2;10;4;4;4;4;4;4;4;4;4;36;4;4;4;4;4;20;4;4;4;12;4;4;4;2;4;4;22;2;4;4;10;2;2;4;4;4;16;0;54;3;34;2;1;20;1;10;3;3;4;4;3;3;2;4;4;3;2;4;4;4;4;4;4;4;4;NA;NA;4;NA;4;2;2;3;4;4;4;NA;4;4;2;4;3;3;2;4;4;4;;;;;;;;;;;;;;;;
11;1;1;1;1;1;4;9;3;3;2;2;10;1;1;1;2;1;1;1;1;1;10;1;1;1;1;2;6;1;1;1;3;2;2;2;1;2;2;11;2;1;2;5;1;1;1;1;1;5;0;54;3;34;2;1;20;1;10;3;3;4;4;3;3;2;4;4;3;2;4;4;4;4;4;4;4;4;NA;NA;4;NA;4;2;2;3;4;4;4;NA;4;4;2;4;3;3;2;4;4;4;;;;;;;;;;;;;;;;
12;3;4;2;3;3;2;17;3;4;4;2;13;3;4;3;3;3;3;4;3;3;29;3;3;3;3;3;15;3;4;3;10;3;3;3;1;3;2;15;3;3;3;9;3;3;3;3;3;15;0;54;3;34;2;1;20;1;10;3;3;4;4;3;3;2;4;4;3;2;4;4;4;4;4;4;4;4;NA;NA;4;NA;4;2;2;3;4;4;4;NA;4;4;2;4;3;3;2;4;4;4;;;;;;;;;;;;;;;;
13;3;4;4;3;4;3;21;3;3;3;3;12;4;4;4;4;NA;3;4;4;4;31;4;4;4;4;4;20;4;4;4;12;4;4;4;3;4;3;22;4;3;3;10;4;4;4;4;4;20;0;54;3;34;2;1;20;1;10;3;3;4;4;3;3;2;4;4;3;2;4;4;4;4;4;4;4;4;NA;NA;4;NA;4;2;2;3;4;4;4;NA;4;4;2;4;3;3;2;4;4;4;;;;;;;;;;;;;;;;
14;3;4;2;3;3;2;17;3;4;4;2;13;3;NA;3;3;4;4;3;3;3;26;4;4;2;4;3;17;3;2;3;8;4;2;4;2;4;2;18;4;3;3;10;2;3;4;3;3;15;0;38;3;19;2;0;18;1;10;3;3;3;4;3;3;1;3;4;2;2;4;4;3;4;4;4;3;4;4;4;2;2;4;2;2;3;4;4;3;4;4;4;1;2;3;1;1;3;1;3;;;;;;;;;;;;;;;;
15;2;4;3;3;3;2;17;3;3;3;3;12;3;4;4;4;4;4;4;4;4;35;4;4;4;4;4;20;4;4;3;11;4;4;4;4;4;4;24;3;3;3;9;3;2;2;3;4;14;0;38;3;19;2;0;18;1;10;3;3;3;4;3;3;1;3;4;2;2;4;4;3;4;4;4;3;4;4;4;2;2;4;2;2;3;4;4;3;4;4;4;1;2;3;1;1;3;1;3;;;;;;;;;;;;;;;;
16;4;4;4;4;2;3;21;3;3;3;2;11;4;4;4;4;4;4;4;4;4;36;4;4;4;;4;16;4;4;4;12;4;4;4;4;4;4;24;4;3;3;10;4;4;4;3;4;19;0;38;3;19;2;0;18;1;10;3;3;3;4;3;3;1;3;4;2;2;4;4;3;4;4;4;3;4;4;4;2;2;4;2;2;3;4;4;3;4;4;4;1;2;3;1;1;3;1;3;;;;;;;;;;;;;;;;
17;4;4;4;3;4;4;23;4;3;4;3;14;4;4;4;4;3;4;4;4;4;35;4;4;4;4;4;20;4;4;4;12;4;4;4;3;4;4;23;2;2;3;7;3;3;4;4;4;18;0;38;3;19;2;0;18;1;10;3;3;3;4;3;3;1;3;4;2;2;4;4;3;4;4;4;3;4;4;4;2;2;4;2;2;3;4;4;3;4;4;4;1;2;3;1;1;3;1;3;;;;;;;;;;;;;;;;
18;1;3;3;2;1;2;12;2;12;2;2;18;4;4;4;4;4;4;4;4;4;36;4;4;4;4;4;20;4;4;4;12;4;4;4;2;4;3;21;1;2;1;4;1;1;2;3;2;9;0;38;3;19;2;0;18;1;10;3;3;3;4;3;3;1;3;4;2;2;4;4;3;4;4;4;3;4;4;4;2;2;4;2;2;3;4;4;3;4;4;4;1;2;3;1;1;3;1;3;;;;;;;;;;;;;;;;
19;3;3;1;2;3;2;14;2;2;4;3;11;2;3;3;3;3;3;4;2;3;26;4;2;3;4;4;17;4;3;2;9;4;3;3;2;2;2;16;1;2;2;5;2;3;2;4;4;15;0;38;3;19;2;0;18;1;10;3;3;3;4;3;3;1;3;4;2;2;4;4;3;4;4;4;3;4;4;4;2;2;4;2;2;3;4;4;3;4;4;4;1;2;3;1;1;3;1;3;;;;;;;;;;;;;;;;
20;3;4;4;4;4;4;23;4;2;2;4;12;3;4;4;4;4;4;4;3;4;34;4;4;4;4;4;20;4;4;3;11;3;3;1;1;3;1;12;3;3;3;9;3;2;3;3;4;15;0;38;3;19;2;0;18;1;10;3;3;3;4;3;3;1;3;4;2;2;4;4;3;4;4;4;3;4;4;4;2;2;4;2;2;3;4;4;3;4;4;4;1;2;3;1;1;3;1;3;;;;;;;;;;;;;;;;
21;3;4;4;2;1;2;16;3;3;3;2;11;3;3;2;3;NA;3;4;4;4;26;4;3;4;4;4;19;3;2;2;7;3;3;3;3;3;3;18;3;4;4;11;4;3;3;3;3;16;0;38;3;19;2;0;18;1;10;3;3;3;4;3;3;1;3;4;2;2;4;4;3;4;4;4;3;4;4;4;2;2;4;2;2;3;4;4;3;4;4;4;1;2;3;1;1;3;1;3;;;;;;;;;;;;;;;;
22;2;3;4;3;3;3;18;3;2;3;2;10;3;4;4;4;3;3;3;3;3;30;3;3;3;3;3;15;4;4;4;12;4;4;4;4;4;4;24;4;3;4;11;4;4;4;3;3;18;0;38;3;19;2;0;18;1;10;3;3;3;4;3;3;1;3;4;2;2;4;4;3;4;4;4;3;4;4;4;2;2;4;2;2;3;4;4;3;4;4;4;1;2;3;1;1;3;1;3;;;;;;;;;;;;;;;;
23;4;4;4;4;4;3;23;3;3;4;2;12;4;4;4;4;4;4;4;4;4;36;4;4;4;4;4;20;4;4;3;11;4;4;4;4;4;4;24;4;4;4;12;4;4;4;4;4;20;0;38;3;19;2;0;18;1;10;3;3;3;4;3;3;1;3;4;2;2;4;4;3;4;4;4;3;4;4;4;2;2;4;2;2;3;4;4;3;4;4;4;1;2;3;1;1;3;1;3;;;;;;;;;;;;;;;;
24;3;4;3;2;2;3;17;3;2;3;2;10;4;4;2;2;3;2;3;3;4;27;4;1;3;2;3;13;3;3;2;8;3;1;4;3;1;2;14;2;2;3;7;4;4;4;4;2;18;0;38;3;19;2;0;18;1;10;3;3;3;4;3;3;1;3;4;2;2;4;4;3;4;4;4;3;4;4;4;2;2;4;2;2;3;4;4;3;4;4;4;1;2;3;1;1;3;1;3;;;;;;;;;;;;;;;;
25;4;4;4;3;4;4;23;4;3;3;3;13;3;4;4;4;4;3;4;4;4;34;4;3;4;3;4;18;4;4;4;12;4;4;4;4;4;4;24;4;4;4;12;3;3;4;4;4;18;0;38;3;19;2;0;18;1;10;3;3;3;4;3;3;1;3;4;2;2;4;4;3;4;4;4;3;4;4;4;2;2;4;2;2;3;4;4;3;4;4;4;1;2;3;1;1;3;1;3;;;;;;;;;;;;;;;;
26;4;4;3;3;3;2;19;3;3;3;3;12;3;3;3;3;3;3;3;3;3;27;3;3;4;3;3;16;3;3;3;9;3;3;3;3;3;3;18;3;3;3;9;3;3;3;3;4;16;0;38;3;19;2;0;18;1;10;3;3;3;4;3;3;1;3;4;2;2;4;4;3;4;4;4;3;4;4;4;2;2;4;2;2;3;4;4;3;4;4;4;1;2;3;1;1;3;1;3;;;;;;;;;;;;;;;;
27;3;2;2;3;3;3;16;3;4;3;4;14;4;4;4;4;4;4;4;4;4;36;4;4;4;4;4;20;4;4;4;12;4;4;4;4;4;4;24;3;3;3;9;4;4;4;4;4;20;1;47;2;25;1;0;25;1;15;3;2;2;3;2;3;2;3;3;2;3;3;3;2;3;2;4;3;32;3;2;2;3;2;2;2;3;3;3;3;3;3;3;3;3;3;2;2;2;3;2;;;;;;;;;;;;;;;;
28;4;4;2;3;3;3;19;3;3;3;2;11;3;3;3;3;3;4;4;2;4;29;4;3;3;3;3;16;3;3;2;8;3;3;3;2;3;3;17;3;3;3;9;3;3;3;4;3;16;1;47;2;25;1;0;25;1;15;3;2;2;3;2;3;2;3;3;2;3;3;3;2;3;2;4;3;32;3;2;2;3;2;2;2;3;3;3;3;3;3;3;3;3;3;2;2;2;3;2;;;;;;;;;;;;;;;;
29;2;3;3;2;2;2;14;2;2;NA;2;6;3;2;2;2;2;3;3;3;3;23;3;3;3;3;3;15;3;3;3;9;3;3;3;3;3;3;18;3;3;3;9;3;3;3;NA;3;12;1;47;2;25;1;0;25;1;15;3;2;2;3;2;3;2;3;3;2;3;3;3;2;3;2;4;3;32;3;2;2;3;2;2;2;3;3;3;3;3;3;3;3;3;3;2;2;2;3;2;;;;;;;;;;;;;;;;
30;2;4;1;2;2;2;13;3;3;4;4;14;1;4;4;4;4;1;4;4;4;30;4;4;4;4;4;20;4;4;4;12;4;4;4;4;4;4;24;1;2;1;4;3;3;2;2;4;14;1;47;2;25;1;0;25;1;15;3;2;2;3;2;3;2;3;3;2;3;3;3;2;3;2;4;3;32;3;2;2;3;2;2;2;3;3;3;3;3;3;3;3;3;3;2;2;2;3;2;;;;;;;;;;;;;;;;
31;4;4;2;2;1;1;14;1;1;3;1;6;4;4;4;4;4;3;4;4;4;35;4;3;4;4;4;19;4;4;4;12;1;1;4;1;1;3;11;2;3;3;8;1;1;1;2;2;7;1;47;2;25;1;0;25;1;15;3;2;2;3;2;3;2;3;3;2;3;3;3;2;3;2;4;3;32;3;2;2;3;2;2;2;3;3;3;3;3;3;3;3;3;3;2;2;2;3;2;;;;;;;;;;;;;;;;
32;2;4;4;3;2;3;18;4;3;3;4;14;3;3;3;4;4;4;4;3;3;31;4;4;4;4;4;20;3;4;3;10;3;3;4;4;3;4;21;3;3;3;9;4;3;3;4;4;18;1;47;2;25;1;0;25;1;15;3;2;2;3;2;3;2;3;3;2;3;3;3;2;3;2;4;3;32;3;2;2;3;2;2;2;3;3;3;3;3;3;3;3;3;3;2;2;2;3;2;;;;;;;;;;;;;;;;
33;3;2;3;3;2;2;15;3;3;3;3;12;2;2;3;3;3;3;4;3;4;27;4;3;3;3;3;16;3;3;2;8;4;3;3;2;4;2;18;3;3;3;9;3;3;4;3;3;16;1;47;2;25;1;0;25;1;15;3;2;2;3;2;3;2;3;3;2;3;3;3;2;3;2;4;3;32;3;2;2;3;2;2;2;3;3;3;3;3;3;3;3;3;3;2;2;2;3;2;;;;;;;;;;;;;;;;
34;3;3;3;4;3;2;18;3;3;3;3;12;3;3;4;4;4;3;3;2;4;30;3;2;3;3;3;14;3;2;2;7;3;2;3;2;3;3;16;3;3;4;10;4;4;4;3;3;18;1;47;2;25;1;0;25;1;15;3;2;2;3;2;3;2;3;3;2;3;3;3;2;3;2;4;3;32;3;2;2;3;2;2;2;3;3;3;3;3;3;3;3;3;3;2;2;2;3;2;;;;;;;;;;;;;;;;
35;2;4;2;2;2;2;14;3;3;4;3;13;3;3;3;3;4;3;4;4;4;31;4;4;4;4;4;20;4;4;4;12;3;3;3;2;3;3;17;3;3;3;9;2;3;2;3;3;13;1;47;2;25;1;0;25;1;15;3;2;2;3;2;3;2;3;3;2;3;3;3;2;3;2;4;3;32;3;2;2;3;2;2;2;3;3;3;3;3;3;3;3;3;3;2;2;2;3;2;;;;;;;;;;;;;;;;
36;3;4;2;3;1;1;14;3;3;4;1;11;3;1;1;3;2;1;3;1;4;19;3;3;4;1;1;12;1;4;1;6;3;3;3;1;2;1;13;1;3;2;6;1;1;1;1;2;6;1;47;2;25;1;0;25;1;15;3;2;2;3;2;3;2;3;3;2;3;3;3;2;3;2;4;3;32;3;2;2;3;2;2;2;3;3;3;3;3;3;3;3;3;3;2;2;2;3;2;;;;;;;;;;;;;;;;
37;3;3;2;2;2;3;15;3;4;3;3;13;1;1;1;1;1;1;4;1;4;15;4;3;3;4;4;18;4;2;3;9;3;3;3;3;3;3;18;2;1;2;5;2;2;2;1;3;10;1;47;2;25;1;0;25;1;15;3;2;2;3;2;3;2;3;3;2;3;3;3;2;3;2;4;3;32;3;2;2;3;2;2;2;3;3;3;3;3;3;3;3;3;3;2;2;2;3;2;;;;;;;;;;;;;;;;
38;3;4;2;4;1;2;16;2;3;2;2;9;3;3;3;3;2;1;3;3;4;25;3;2;4;4;3;16;2;2;2;6;2;2;3;1;3;2;13;2;3;3;8;3;3;2;4;3;15;1;47;2;25;1;0;25;1;15;3;2;2;3;2;3;2;3;3;2;3;3;3;2;3;2;4;3;32;3;2;2;3;2;2;2;3;3;3;3;3;3;3;3;3;3;2;2;2;3;2;;;;;;;;;;;;;;;;
39;4;4;4;4;3;2;21;3;2;3;3;11;3;4;4;4;4;3;4;4;4;34;4;3;4;4;4;19;4;2;3;9;3;3;4;4;4;4;22;4;4;4;12;3;4;3;4;4;18;1;47;2;25;1;0;25;1;15;3;2;2;3;2;3;2;3;3;2;3;3;3;2;3;2;4;3;32;3;2;2;3;2;2;2;3;3;3;3;3;3;3;3;3;3;2;2;2;3;2;;;;;;;;;;;;;;;;
40;3;3;2;3;2;2;15;3;3;3;3;12;1;3;3;2;3;2;4;3;4;25;3;2;4;3;3;15;3;2;NA;5;3;3;3;3;3;3;18;4;4;3;11;3;3;3;3;3;15;1;47;2;25;1;0;25;1;15;3;2;2;3;2;3;2;3;3;2;3;3;3;2;3;2;4;3;32;3;2;2;3;2;2;2;3;3;3;3;3;3;3;3;3;3;2;2;2;3;2;;;;;;;;;;;;;;;;
41;4;4;4;3;4;3;22;4;4;4;3;15;3;3;3;3;3;3;4;3;4;29;3;3;4;4;3;17;4;3;3;10;4;4;4;3;3;3;21;3;3;3;9;3;4;4;4;4;19;1;47;2;25;1;0;25;1;15;3;2;2;3;2;3;2;3;3;2;3;3;3;2;3;2;4;3;32;3;2;2;3;2;2;2;3;3;3;3;3;3;3;3;3;3;2;2;2;3;2;;;;;;;;;;;;;;;;
42;3;4;3;3;2;2;17;2;3;3;3;11;2;2;2;3;3;3;4;2;3;24;4;3;4;3;3;17;4;3;3;10;4;4;4;4;3;3;22;4;4;3;11;3;3;4;4;3;17;1;47;2;25;1;0;25;1;15;3;2;2;3;2;3;2;3;3;2;3;3;3;2;3;2;4;3;32;3;2;2;3;2;2;2;3;3;3;3;3;3;3;3;3;3;2;2;2;3;2;;;;;;;;;;;;;;;;
43;4;4;;3;3;2;16;1;3;2;3;9;3;2;3;3;3;2;3;4;4;27;4;4;3;3;3;17;4;3;2;9;4;4;4;4;3;4;23;3;2;3;8;4;3;3;4;4;18;1;47;2;25;1;0;25;1;15;3;2;2;3;2;3;2;3;3;2;3;3;3;2;3;2;4;3;32;3;2;2;3;2;2;2;3;3;3;3;3;3;3;3;3;3;2;2;2;3;2;;;;;;;;;;;;;;;;
44;3;4;3;4;3;2;19;3;2;4;3;12;2;3;2;3;2;2;4;3;4;25;4;3;4;4;3;18;4;3;4;11;4;1;4;1;4;2;16;3;3;3;9;3;3;3;4;4;17;1;47;2;25;1;0;25;1;15;3;2;2;3;2;3;2;3;3;2;3;3;3;2;3;2;4;3;32;3;2;2;3;2;2;2;3;3;3;3;3;3;3;3;3;3;2;2;2;3;2;;;;;;;;;;;;;;;;
45;4;4;4;4;2;2;20;3;2;3;3;11;3;3;4;4;4;4;3;2;4;31;3;3;3;3;3;15;3;4;2;9;4;3;3;3;3;3;19;3;4;3;10;4;4;4;4;3;19;1;47;2;25;1;0;25;1;15;3;2;2;3;2;3;2;3;3;2;3;3;3;2;3;2;4;3;32;3;2;2;3;2;2;2;3;3;3;3;3;3;3;3;3;3;2;2;2;3;2;;;;;;;;;;;;;;;;
46;4;4;4;3;3;3;21;3;2;3;3;11;3;3;3;3;3;4;4;2;4;29;4;4;4;3;3;18;3;3;3;9;4;4;3;2;3;3;19;3;3;3;9;3;3;3;3;3;15;1;47;2;25;1;0;25;1;15;3;2;2;3;2;3;2;3;3;2;3;3;3;2;3;2;4;3;32;3;2;2;3;2;2;2;3;3;3;3;3;3;3;3;3;3;2;2;2;3;2;;;;;;;;;;;;;;;;
47;3;4;4;3;4;4;22;4;4;4;4;16;4;4;3;4;3;4;4;4;4;34;4;4;4;4;4;20;4;4;4;12;4;4;4;4;4;4;24;4;4;4;12;3;3;3;3;4;16;1;47;2;25;1;0;25;1;15;3;2;2;3;2;3;2;3;3;2;3;3;3;2;3;2;4;3;32;3;2;2;3;2;2;2;3;3;3;3;3;3;3;3;3;3;2;2;2;3;2;;;;;;;;;;;;;;;;
48;4;4;3;4;3;3;21;4;3;3;4;14;3;3;3;4;4;4;4;4;4;33;4;4;4;3;3;18;3;2;2;7;3;3;3;3;3;4;19;4;3;3;10;4;4;4;4;4;20;0;40;2;16;2;0;10;1;20;3;3;3;1;3;3;1;4;4;2;3;3;3;3;3;3;3;2;3;3;3;2;1;3;1;1;3;4;2;2;3;3;2;3;3;3;2;3;3;3;3;;;;;;;;;;;;;;;;
49;4;4;2;NA;3;2;15;2;;3;NA;5;4;4;3;3;3;2;4;3;2;28;3;3;4;4;4;18;2;3;4;9;4;4;4;4;4;4;24;3;4;4;11;3;3;3;4;4;17;0;40;2;16;2;0;10;1;20;3;3;3;1;3;3;1;4;4;2;3;3;3;3;3;3;3;2;3;3;3;2;1;3;1;1;3;4;2;2;3;3;2;3;3;3;2;3;3;3;3;;;;;;;;;;;;;;;;
50;4;4;4;3;3;2;20;2;2;2;2;8;4;4;4;4;4;4;4;3;4;35;4;4;4;4;4;20;4;4;4;12;4;4;3;3;3;3;20;3;2;2;7;2;2;2;2;3;11;0;40;2;16;2;0;10;1;20;3;3;3;1;3;3;1;4;4;2;3;3;3;3;3;3;3;2;3;3;3;2;1;3;1;1;3;4;2;2;3;3;2;3;3;3;2;3;3;3;3;;;;;;;;;;;;;;;;
51;3;4;2;3;2;3;17;3;2;3;3;11;3;3;3;3;2;3;3;2;4;26;3;3;3;3;3;15;3;2;2;7;3;3;3;2;3;3;17;3;3;3;9;2;2;2;2;3;11;0;40;2;16;2;0;10;1;20;3;3;3;1;3;3;1;4;4;2;3;3;3;3;3;3;3;2;3;3;3;2;1;3;1;1;3;4;2;2;3;3;2;3;3;3;2;3;3;3;3;;;;;;;;;;;;;;;;
52;3;4;3;3;2;2;17;3;2;3;3;11;4;4;3;4;3;4;4;4;4;34;4;3;3;4;3;17;3;4;4;11;4;2;2;3;2;2;15;3;4;3;10;3;3;4;4;4;18;0;40;2;16;2;0;10;1;20;3;3;3;1;3;3;1;4;4;2;3;3;3;3;3;3;3;2;3;3;3;2;1;3;1;1;3;4;2;2;3;3;2;3;3;3;2;3;3;3;3;;;;;;;;;;;;;;;;
53;3;4;3;3;3;2;18;3;2;3;3;11;2;3;3;3;2;3;3;2;4;25;4;4;3;3;3;17;3;2;1;6;4;2;3;3;4;3;19;2;3;3;8;4;3;4;4;4;19;0;40;2;16;2;0;10;1;20;3;3;3;1;3;3;1;4;4;2;3;3;3;3;3;3;3;2;3;3;3;2;1;3;1;1;3;4;2;2;3;3;2;3;3;3;2;3;3;3;3;;;;;;;;;;;;;;;;
54;2;4;3;3;2;3;17;3;2;2;3;10;4;4;4;4;4;4;4;4;4;36;4;4;4;2;3;17;4;4;4;12;4;4;4;2;3;4;21;4;4;4;12;2;2;2;2;2;10;0;34;1;7;1;0;20;1;11;3;3;4;1;3;2;3;2;4;3;2;3;3;3;4;4;3;3;3;4;4;2;3;4;2;1;3;4;4;3;3;4;4;1;3;3;3;3;4;4;4;;;;;;;;;;;;;;;;
55;3;3;3;4;2;2;17;3;2;3;3;11;3;3;3;3;3;3;3;3;3;27;3;2;3;4;3;15;3;3;2;8;3;3;3;2;3;3;17;3;2;2;7;3;3;3;3;4;16;0;34;1;7;1;0;20;1;11;3;3;4;1;3;2;3;2;4;3;2;3;3;3;4;4;3;3;3;4;4;2;3;4;2;1;3;4;4;3;3;4;4;1;3;3;3;3;4;4;4;;;;;;;;;;;;;;;;
56;4;4;4;3;3;3;21;3;3;4;4;14;4;4;3;4;4;3;4;4;4;34;4;4;4;4;4;20;4;4;4;12;4;4;3;3;4;4;22;3;2;3;8;3;4;4;4;4;19;0;34;1;7;1;0;20;1;11;3;3;4;1;3;2;3;2;4;3;2;3;3;3;4;4;3;3;3;4;4;2;3;4;2;1;3;4;4;3;3;4;4;1;3;3;3;3;4;4;4;;;;;;;;;;;;;;;;
57;4;4;4;4;4;3;23;3;3;3;3;12;4;4;4;4;4;4;4;4;4;36;4;4;4;4;4;20;4;4;4;12;4;4;4;4;4;4;24;3;4;4;11;4;4;4;4;4;20;0;34;1;7;1;0;20;1;11;3;3;4;1;3;2;3;2;4;3;2;3;3;3;4;4;3;3;3;4;4;2;3;4;2;1;3;4;4;3;3;4;4;1;3;3;3;3;4;4;4;;;;;;;;;;;;;;;;
58;3;3;2;3;2;3;16;3;3;3;3;12;2;2;3;3;3;2;3;3;3;24;2;3;3;4;4;16;3;3;2;8;2;2;3;3;3;2;15;3;3;3;9;3;3;3;2;2;13;0;34;1;7;1;0;20;1;11;3;3;4;1;3;2;3;2;4;3;2;3;3;3;4;4;3;3;3;4;4;2;3;4;2;1;3;4;4;3;3;4;4;1;3;3;3;3;4;4;4;;;;;;;;;;;;;;;;
59;3;4;3;3;1;1;15;4;1;1;3;9;1;1;2;3;2;1;4;2;3;19;3;2;3;3;2;13;3;1;1;5;4;4;4;2;4;4;22;1;2;3;6;1;1;1;3;4;10;0;34;1;7;1;0;20;1;11;3;3;4;1;3;2;3;2;4;3;2;3;3;3;4;4;3;3;3;4;4;2;3;4;2;1;3;4;4;3;3;4;4;1;3;3;3;3;4;4;4;;;;;;;;;;;;;;;;
60;3;3;3;3;2;2;16;3;3;3;2;11;3;3;3;3;3;3;3;3;3;27;3;3;3;3;3;15;3;3;1;7;3;3;3;3;3;3;18;3;2;2;7;3;3;3;2;3;14;0;34;1;7;1;0;20;1;11;3;3;4;1;3;2;3;2;4;3;2;3;3;3;4;4;3;3;3;4;4;2;3;4;2;1;3;4;4;3;3;4;4;1;3;3;3;3;4;4;4;;;;;;;;;;;;;;;;
61;3;3;3;3;1;1;14;3;2;4;2;11;2;2;2;3;2;3;2;2;3;21;2;1;2;1;1;7;2;2;2;6;3;2;3;1;3;3;15;4;4;4;12;3;3;3;4;4;17;0;34;1;7;1;0;20;1;11;3;3;4;1;3;2;3;2;4;3;2;3;3;3;4;4;3;3;3;4;4;2;3;4;2;1;3;4;4;3;3;4;4;1;3;3;3;3;4;4;4;;;;;;;;;;;;;;;;
62;4;4;4;3;3;3;21;3;3;2;2;10;3;3;3;3;3;2;4;3;3;27;3;3;3;3;4;16;4;4;3;11;3;3;3;2;3;3;17;2;3;3;8;3;3;3;3;4;16;0;34;1;7;1;0;20;1;11;3;3;4;1;3;2;3;2;4;3;2;3;3;3;4;4;3;3;3;4;4;2;3;4;2;1;3;4;4;3;3;4;4;1;3;3;3;3;4;4;4;;;;;;;;;;;;;;;;
63;3;3;2;4;3;3;18;3;3;4;3;13;3;3;3;3;3;4;4;4;4;31;4;3;4;3;4;18;4;3;3;10;3;3;3;3;3;3;18;3;3;3;9;3;3;3;4;3;16;0;34;1;7;1;0;20;1;11;3;3;4;1;3;2;3;2;4;3;2;3;3;3;4;4;3;3;3;4;4;2;3;4;2;1;3;4;4;3;3;4;4;1;3;3;3;3;4;4;4;;;;;;;;;;;;;;;;
64;4;4;4;3;3;3;21;3;3;4;3;13;3;3;3;3;3;4;4;3;3;29;4;3;3;3;3;16;3;3;2;8;3;3;3;3;2;3;17;3;3;3;9;4;3;4;3;3;17;0;34;1;7;1;0;20;1;11;3;3;4;1;3;2;3;2;4;3;2;3;3;3;4;4;3;3;3;4;4;2;3;4;2;1;3;4;4;3;3;4;4;1;3;3;3;3;4;4;4;;;;;;;;;;;;;;;;
65;4;4;3;4;2;1;18;1;2;3;2;8;4;4;4;4;3;4;4;4;4;35;4;4;4;4;4;20;4;4;4;12;4;4;4;4;4;4;24;3;4;4;11;3;3;3;4;4;17;0;34;1;7;1;0;20;1;11;3;3;4;1;3;2;3;2;4;3;2;3;3;3;4;4;3;3;3;4;4;2;3;4;2;1;3;4;4;3;3;4;4;1;3;3;3;3;4;4;4;;;;;;;;;;;;;;;;
66;3;3;2;4;2;3;17;2;3;3;3;11;2;3;3;3;3;NA;3;3;3;23;3;2;2;4;2;13;3;2;3;8;3;3;3;3;2;3;17;3;4;3;10;4;4;3;4;4;19;0;34;1;7;1;0;20;1;11;3;3;4;1;3;2;3;2;4;3;2;3;3;3;4;4;3;3;3;4;4;2;3;4;2;1;3;4;4;3;3;4;4;1;3;3;3;3;4;4;4;;;;;;;;;;;;;;;;
67;4;4;4;4;2;2;20;2;2;2;2;8;2;3;2;3;2;3;3;3;3;24;3;3;3;3;3;15;3;3;3;9;3;3;3;3;3;3;18;3;3;3;9;3;3;3;3;3;15;0;34;1;7;1;0;20;1;11;3;3;4;1;3;2;3;2;4;3;2;3;3;3;4;4;3;3;3;4;4;2;3;4;2;1;3;4;4;3;3;4;4;1;3;3;3;3;4;4;4;;;;;;;;;;;;;;;;
68;3;3;4;4;2;3;19;4;4;4;4;16;4;4;3;3;4;4;4;4;4;34;4;4;4;4;4;20;4;4;4;12;4;4;4;4;4;4;24;4;4;3;11;4;4;4;4;4;20;0;34;1;7;1;0;20;1;11;3;3;4;1;3;2;3;2;4;3;2;3;3;3;4;4;3;3;3;4;4;2;3;4;2;1;3;4;4;3;3;4;4;1;3;3;3;3;4;4;4;;;;;;;;;;;;;;;;
69;3;3;3;3;2;3;17;2;3;4;4;13;4;3;2;3;3;3;2;3;3;26;4;3;3;4;3;17;3;3;2;8;4;4;4;2;4;4;22;3;3;2;8;3;3;3;3;3;15;0;34;1;7;1;0;20;1;11;3;3;4;1;3;2;3;2;4;3;2;3;3;3;4;4;3;3;3;4;4;2;3;4;2;1;3;4;4;3;3;4;4;1;3;3;3;3;4;4;4;;;;;;;;;;;;;;;;
70;3;4;2;3;3;2;17;3;3;1;3;10;4;4;4;4;4;4;4;4;4;36;4;4;4;3;4;19;4;4;4;12;4;4;4;4;4;4;24;3;3;3;9;3;3;3;4;4;17;0;34;1;7;1;0;20;1;11;3;3;4;1;3;2;3;2;4;3;2;3;3;3;4;4;3;3;3;4;4;2;3;4;2;1;3;4;4;3;3;4;4;1;3;3;3;3;4;4;4;;;;;;;;;;;;;;;;
71;4;4;4;3;4;3;22;4;4;3;4;15;3;4;4;4;4;4;4;4;4;35;4;3;4;4;4;19;2;4;4;10;3;4;4;4;3;4;22;4;4;4;12;4;4;4;4;4;20;0;34;1;7;1;0;20;1;11;3;3;4;1;3;2;3;2;4;3;2;3;3;3;4;4;3;3;3;4;4;2;3;4;2;1;3;4;4;3;3;4;4;1;3;3;3;3;4;4;4;;;;;;;;;;;;;;;;
72;4;4;3;3;2;2;18;3;3;3;3;12;3;3;2;2;2;3;4;2;3;24;3;3;3;3;3;15;2;2;2;6;4;4;4;2;4;4;22;2;3;3;8;3;3;3;3;4;16;0;34;1;7;1;0;20;1;11;3;3;4;1;3;2;3;2;4;3;2;3;3;3;4;4;3;3;3;4;4;2;3;4;2;1;3;4;4;3;3;4;4;1;3;3;3;3;4;4;4;;;;;;;;;;;;;;;;
73;2;4;4;3;3;3;19;4;3;4;3;14;3;3;3;3;4;3;3;3;3;28;3;3;3;3;3;15;3;3;2;8;3;3;3;3;3;3;18;3;3;3;9;3;3;3;3;3;15;0;34;1;7;1;0;20;1;11;3;3;4;1;3;2;3;2;4;3;2;3;3;3;4;4;3;3;3;4;4;2;3;4;2;1;3;4;4;3;3;4;4;1;3;3;3;3;4;4;4;;;;;;;;;;;;;;;;
74;4;4;3;4;3;2;20;3;2;4;3;12;4;4;4;4;3;4;4;4;4;35;4;4;4;4;4;20;4;4;4;12;4;4;4;4;4;4;24;3;3;3;9;4;4;4;4;4;20;0;41;1;20;1;1;22;1;10;4;4;3;2;3;4;4;3;4;4;4;4;4;3;3;4;4;4;4;4;4;4;4;4;4;2;2;4;4;4;4;4;4;2;4;4;4;4;4;4;4;;;;;;;;;;;;;;;;
75;3;4;3;3;2;3;18;3;2;3;3;11;3;3;3;2;3;3;4;3;4;28;4;4;3;4;3;18;4;3;3;10;3;3;3;4;3;3;19;3;3;3;9;4;3;4;4;4;19;0;41;1;20;1;1;22;1;10;4;4;3;2;3;4;4;3;4;4;4;4;4;3;3;4;4;4;4;4;4;4;4;4;4;2;2;4;4;4;4;4;4;2;4;4;4;4;4;4;4;;;;;;;;;;;;;;;;
76;4;4;3;2;3;3;19;4;4;3;3;14;3;3;3;4;4;3;4;3;3;30;3;2;4;4;3;16;4;3;3;10;3;3;3;4;3;3;19;3;3;3;9;4;3;4;4;4;19;0;41;1;20;1;1;22;1;10;4;4;3;2;3;4;4;3;4;4;4;4;4;3;3;4;4;4;4;4;4;4;4;4;4;2;2;4;4;4;4;4;4;2;4;4;4;4;4;4;4;;;;;;;;;;;;;;;;
77;2;3;2;2;2;2;13;2;3;3;3;11;2;2;2;2;2;1;4;3;3;21;3;2;3;3;2;13;2;2;2;6;2;2;3;3;3;3;16;4;3;2;9;3;2;3;4;4;16;0;41;1;20;1;1;22;1;10;4;4;3;2;3;4;4;3;4;4;4;4;4;3;3;4;4;4;4;4;4;4;4;4;4;2;2;4;4;4;4;4;4;2;4;4;4;4;4;4;4;;;;;;;;;;;;;;;;
78;3;2;2;2;2;2;13;3;2;3;3;11;3;3;2;3;3;2;3;3;3;25;2;3;3;3;3;14;2;2;2;6;2;3;2;2;3;2;14;2;3;2;7;2;2;2;3;3;12;0;41;1;20;1;1;22;1;10;4;4;3;2;3;4;4;3;4;4;4;4;4;3;3;4;4;4;4;4;4;4;4;4;4;2;2;4;4;4;4;4;4;2;4;4;4;4;4;4;4;;;;;;;;;;;;;;;;
79;4;4;3;2;3;3;19;4;3;3;3;13;3;4;4;4;4;3;4;4;4;34;4;3;4;4;4;19;4;4;3;11;4;4;4;3;4;3;22;4;4;4;12;3;3;3;4;4;17;0;41;1;20;1;1;22;1;10;4;4;3;2;3;4;4;3;4;4;4;4;4;3;3;4;4;4;4;4;4;4;4;4;4;2;2;4;4;4;4;4;4;2;4;4;4;4;4;4;4;;;;;;;;;;;;;;;;
80;3;3;4;3;3;2;18;3;2;3;3;11;4;3;2;3;3;3;3;2;3;26;3;3;3;2;3;14;2;2;3;7;NA;2;2;2;2;3;11;3;3;3;9;2;2;2;3;3;12;0;41;1;20;1;1;22;1;10;4;4;3;2;3;4;4;3;4;4;4;4;4;3;3;4;4;4;4;4;4;4;4;4;4;2;2;4;4;4;4;4;4;2;4;4;4;4;4;4;4;;;;;;;;;;;;;;;;
81;3;3;4;3;2;2;17;3;3;2;3;11;3;2;3;3;2;3;4;3;4;27;4;3;4;4;4;19;4;3;2;9;3;4;3;3;3;3;19;2;3;4;9;2;3;2;3;3;13;0;41;1;20;1;1;22;1;10;4;4;3;2;3;4;4;3;4;4;4;4;4;3;3;4;4;4;4;4;4;4;4;4;4;2;2;4;4;4;4;4;4;2;4;4;4;4;4;4;4;;;;;;;;;;;;;;;;
82;3;4;1;2;2;2;14;2;2;2;2;8;3;2;2;2;2;3;3;3;3;23;3;3;3;3;3;15;3;3;3;9;4;3;4;4;4;4;23;4;3;3;10;2;2;2;4;3;13;0;41;1;20;1;1;22;1;10;4;4;3;2;3;4;4;3;4;4;4;4;4;3;3;4;4;4;4;4;4;4;4;4;4;2;2;4;4;4;4;4;4;2;4;4;4;4;4;4;4;;;;;;;;;;;;;;;;
83;4;4;3;3;2;2;18;3;3;2;3;11;2;4;3;4;4;4;4;2;3;30;2;3;4;4;4;17;4;4;3;11;3;3;3;1;2;2;14;1;1;1;3;2;3;3;3;3;14;0;41;1;20;1;1;22;1;10;4;4;3;2;3;4;4;3;4;4;4;4;4;3;3;4;4;4;4;4;4;4;4;4;4;2;2;4;4;4;4;4;4;2;4;4;4;4;4;4;4;;;;;;;;;;;;;;;;
84;3;4;3;4;3;3;20;3;3;3;3;12;3;4;4;4;4;4;4;4;4;35;4;4;4;4;4;20;4;4;4;12;4;4;4;4;4;4;24;3;3;3;9;3;3;3;4;4;17;0;41;1;20;1;1;22;1;10;4;4;3;2;3;4;4;3;4;4;4;4;4;3;3;4;4;4;4;4;4;4;4;4;4;2;2;4;4;4;4;4;4;2;4;4;4;4;4;4;4;;;;;;;;;;;;;;;;
85;4;3;4;4;4;3;22;4;1;3;3;11;3;2;3;4;3;4;4;4;4;31;3;2;3;4;4;16;3;3;2;8;4;4;4;3;4;3;22;3;2;2;7;3;3;4;4;4;18;0;41;1;20;1;1;22;1;10;4;4;3;2;3;4;4;3;4;4;4;4;4;3;3;4;4;4;4;4;4;4;4;4;4;2;2;4;4;4;4;4;4;2;4;4;4;4;4;4;4;;;;;;;;;;;;;;;;
86;3;4;2;1;4;2;16;4;2;3;3;12;3;4;4;4;4;3;4;4;4;34;4;4;4;4;4;20;4;4;4;12;4;4;4;4;3;4;23;4;4;4;12;4;3;3;4;4;18;0;41;1;20;1;1;22;1;10;4;4;3;2;3;4;4;3;4;4;4;4;4;3;3;4;4;4;4;4;4;4;4;4;4;2;2;4;4;4;4;4;4;2;4;4;4;4;4;4;4;;;;;;;;;;;;;;;;
87;3;3;3;2;3;3;17;3;3;2;2;10;3;4;4;4;3;4;4;4;4;34;4;4;4;4;4;20;4;4;4;12;4;4;4;4;4;3;23;3;2;3;8;3;3;2;4;4;16;0;41;1;20;1;1;22;1;10;4;4;3;2;3;4;4;3;4;4;4;4;4;3;3;4;4;4;4;4;4;4;4;4;4;2;2;4;4;4;4;4;4;2;4;4;4;4;4;4;4;;;;;;;;;;;;;;;;
88;4;4;4;4;3;4;23;3;3;2;2;10;3;4;4;4;4;2;4;4;4;33;4;4;4;3;4;19;4;4;3;11;4;4;4;2;2;4;20;4;4;3;11;4;3;3;4;3;17;0;41;1;20;1;1;22;1;10;4;4;3;2;3;4;4;3;4;4;4;4;4;3;3;4;4;4;4;4;4;4;4;4;4;2;2;4;4;4;4;4;4;2;4;4;4;4;4;4;4;;;;;;;;;;;;;;;;
89;4;4;3;3;2;2;18;3;3;4;4;14;2;3;3;3;3;4;4;4;4;30;2;3;3;3;3;14;4;4;2;10;3;3;3;2;3;3;17;3;2;3;8;2;3;3;2;4;14;1;35;2;8;1;0;25;1;Muchas;3;3;4;3;4;3;3;3;4;2;3;4;4;4;3;4;4;4;4;4;4;3;2;3;3;2;3;4;3;3;2;4;3;4;3;3;2;2;2;3;3;;;;;;;;;;;;;;;;
90;3;4;2;3;1;3;16;3;2;3;3;11;3;2;2;2;3;2;2;4;2;22;3;3;3;4;4;17;4;4;3;11;3;3;3;3;3;2;17;3;4;4;11;3;3;3;3;4;16;1;35;2;8;1;0;25;1;Muchas;3;3;4;3;4;3;3;3;4;2;3;4;4;4;3;4;4;4;4;4;4;3;2;3;3;2;3;4;3;3;2;4;3;4;3;3;2;2;2;3;3;;;;;;;;;;;;;;;;
91;3;4;4;3;2;3;19;3;3;2;3;11;3;3;4;4;4;4;4;4;4;34;4;4;3;4;4;19;4;3;3;10;3;3;3;3;4;4;20;3;3;3;9;4;3;3;3;3;16;1;35;2;8;1;0;25;1;Muchas;3;3;4;3;4;3;3;3;4;2;3;4;4;4;3;4;4;4;4;4;4;3;2;3;3;2;3;4;3;3;2;4;3;4;3;3;2;2;2;3;3;;;;;;;;;;;;;;;;
92;4;4;4;4;3;3;22;2;2;4;4;12;4;4;4;4;4;4;4;4;4;36;4;4;4;4;4;20;4;4;4;12;4;4;4;4;4;4;24;3;2;3;8;3;2;3;4;4;16;1;35;2;8;1;0;25;1;Muchas;3;3;4;3;4;3;3;3;4;2;3;4;4;4;3;4;4;4;4;4;4;3;2;3;3;2;3;4;3;3;2;4;3;4;3;3;2;2;2;3;3;;;;;;;;;;;;;;;;
93;4;4;3;3;3;3;20;3;4;3;3;13;3;3;3;3;4;2;4;3;4;29;4;4;4;3;4;19;4;4;3;11;4;4;4;4;3;3;22;3;4;4;11;2;2;2;2;4;12;1;35;2;8;1;0;25;1;Muchas;3;3;4;3;4;3;3;3;4;2;3;4;4;4;3;4;4;4;4;4;4;3;2;3;3;2;3;4;3;3;2;4;3;4;3;3;2;2;2;3;3;;;;;;;;;;;;;;;;
94;4;4;4;4;4;3;23;3;3;3;2;11;4;4;4;4;4;4;4;4;4;36;4;4;4;4;4;20;4;4;4;12;4;4;4;4;4;3;23;3;4;4;11;4;4;4;4;4;20;1;35;2;8;1;0;25;1;Muchas;3;3;4;3;4;3;3;3;4;2;3;4;4;4;3;4;4;4;4;4;4;3;2;3;3;2;3;4;3;3;2;4;3;4;3;3;2;2;2;3;3;;;;;;;;;;;;;;;;
95;4;4;4;3;1;1;17;1;1;2;2;6;4;4;4;4;4;4;4;4;4;36;4;4;4;4;4;20;4;4;4;12;4;4;4;4;4;4;24;1;1;1;3;3;3;3;4;3;16;1;35;2;8;1;0;25;1;Muchas;3;3;4;3;4;3;3;3;4;2;3;4;4;4;3;4;4;4;4;4;4;3;2;3;3;2;3;4;3;3;2;4;3;4;3;3;2;2;2;3;3;;;;;;;;;;;;;;;;
96;3;4;2;3;1;1;14;2;2;2;3;9;3;2;3;3;3;2;4;3;4;27;4;4;4;4;4;20;4;3;3;10;4;3;3;3;4;4;21;2;3;3;8;3;3;4;3;4;17;1;35;2;8;1;0;25;1;Muchas;3;3;4;3;4;3;3;3;4;2;3;4;4;4;3;4;4;4;4;4;4;3;2;3;3;2;3;4;3;3;2;4;3;4;3;3;2;2;2;3;3;;;;;;;;;;;;;;;;
97;4;4;4;4;3;3;22;3;3;3;3;12;4;4;4;4;4;4;4;4;4;36;4;4;4;4;4;20;4;4;3;11;4;4;4;3;4;4;23;4;3;4;11;4;4;4;4;4;20;1;35;2;8;1;0;25;1;Muchas;3;3;4;3;4;3;3;3;4;2;3;4;4;4;3;4;4;4;4;4;4;3;2;3;3;2;3;4;3;3;2;4;3;4;3;3;2;2;2;3;3;;;;;;;;;;;;;;;;
98;3;4;3;3;2;2;17;2;2;3;3;10;3;2;3;4;4;2;3;3;4;28;3;3;3;3;3;15;3;3;3;9;3;3;3;2;3;3;17;3;3;3;9;2;3;3;3;3;14;1;35;2;8;1;0;25;1;Muchas;3;3;4;3;4;3;3;3;4;2;3;4;4;4;3;4;4;4;4;4;4;3;2;3;3;2;3;4;3;3;2;4;3;4;3;3;2;2;2;3;3;;;;;;;;;;;;;;;;
99;3;4;3;3;2;3;18;3;2;3;3;11;3;4;3;3;3;3;4;4;4;31;3;4;4;3;3;17;3;4;2;9;3;3;3;4;3;2;18;3;3;3;9;3;3;3;3;3;15;1;35;2;8;1;0;25;1;Muchas;3;3;4;3;4;3;3;3;4;2;3;4;4;4;3;4;4;4;4;4;4;3;2;3;3;2;3;4;3;3;2;4;3;4;3;3;2;2;2;3;3;;;;;;;;;;;;;;;;
100;4;4;2;3;1;3;17;2;3;4;3;12;4;4;4;3;3;4;4;4;4;34;4;4;4;4;4;20;4;4;3;11;4;4;4;4;4;4;24;4;2;3;9;3;3;3;4;4;17;1;35;2;8;1;0;25;1;Muchas;3;3;4;3;4;3;3;3;4;2;3;4;4;4;3;4;4;4;4;4;4;3;2;3;3;2;3;4;3;3;2;4;3;4;3;3;2;2;2;3;3;;;;;;;;;;;;;;;;
101;4;4;4;3;1;1;17;2;2;3;3;10;2;2;3;3;3;3;4;4;4;28;4;3;3;4;3;17;3;4;2;9;3;4;4;2;4;2;19;2;3;3;8;3;2;3;3;3;14;1;35;2;8;1;0;25;1;Muchas;3;3;4;3;4;3;3;3;4;2;3;4;4;4;3;4;4;4;4;4;4;3;2;3;3;2;3;4;3;3;2;4;3;4;3;3;2;2;2;3;3;;;;;;;;;;;;;;;;
102;3;4;2;3;2;2;16;3;2;3;2;10;3;4;4;4;4;4;4;4;4;35;4;4;4;4;4;20;4;4;4;12;4;3;3;3;3;3;19;2;2;2;6;4;4;4;4;4;20;1;35;2;8;1;0;25;1;Muchas;3;3;4;3;4;3;3;3;4;2;3;4;4;4;3;4;4;4;4;4;4;3;2;3;3;2;3;4;3;3;2;4;3;4;3;3;2;2;2;3;3;;;;;;;;;;;;;;;;
103;3;4;3;2;2;3;17;2;2;2;2;8;3;3;3;2;3;4;3;3;4;28;2;2;4;4;4;16;3;3;2;8;4;4;4;3;3;3;21;3;4;4;11;4;3;4;3;3;17;0;41;3;15;2;1;30;1;5;4;4;4;4;4;4;3;1;4;3;4;4;3;3;3;3;4;2;4;3;2;2;1;4;2;2;2;4;3;3;3;4;4;4;2;2;3;3;4;2;4;;;;;;;;;;;;;;;;
104;2;4;3;2;2;3;16;2;3;3;3;11;3;3;2;2;2;3;4;3;4;26;4;4;4;4;3;19;3;3;3;9;4;4;4;4;4;4;24;4;1;3;8;3;2;3;4;3;15;0;41;3;15;2;1;30;1;5;4;4;4;4;4;4;3;1;4;3;4;4;3;3;3;3;4;2;4;3;2;2;1;4;2;2;2;4;3;3;3;4;4;4;2;2;3;3;4;2;4;;;;;;;;;;;;;;;;
105;4;4;3;3;3;3;20;3;2;4;4;13;4;3;2;2;3;4;4;4;3;29;4;4;4;4;4;20;3;4;3;10;4;4;4;2;4;4;22;3;2;3;8;3;3;3;3;3;15;0;41;3;15;2;1;30;1;5;4;4;4;4;4;4;3;1;4;3;4;4;3;3;3;3;4;2;4;3;2;2;1;4;2;2;2;4;3;3;3;4;4;4;2;2;3;3;4;2;4;;;;;;;;;;;;;;;;
106;3;3;4;2;2;2;16;2;2;3;2;9;3;3;3;3;3;3;4;4;4;30;4;4;4;4;4;20;4;4;3;11;4;4;4;4;4;4;24;2;4;4;10;3;3;3;4;3;16;0;41;3;15;2;1;30;1;5;4;4;4;4;4;4;3;1;4;3;4;4;3;3;3;3;4;2;4;3;2;2;1;4;2;2;2;4;3;3;3;4;4;4;2;2;3;3;4;2;4;;;;;;;;;;;;;;;;
107;2;3;2;2;2;3;14;2;2;3;2;9;3;2;3;3;2;3;4;3;4;27;3;3;3;4;3;16;3;4;3;10;3;4;3;3;3;2;18;2;2;2;6;3;3;3;3;3;15;0;41;3;15;2;1;30;1;5;4;4;4;4;4;4;3;1;4;3;4;4;3;3;3;3;4;2;4;3;2;2;1;4;2;2;2;4;3;3;3;4;4;4;2;2;3;3;4;2;4;;;;;;;;;;;;;;;;
108;3;2;3;3;2;2;15;3;3;2;2;10;3;3;2;2;3;3;4;3;4;27;3;3;3;3;3;15;3;4;3;10;4;4;4;3;3;4;22;2;3;3;8;3;2;3;1;3;12;0;41;3;15;2;1;30;1;5;4;4;4;4;4;4;3;1;4;3;4;4;3;3;3;3;4;2;4;3;2;2;1;4;2;2;2;4;3;3;3;4;4;4;2;2;3;3;4;2;4;;;;;;;;;;;;;;;;
109;3;4;3;3;2;2;17;3;3;3;2;11;3;3;3;4;4;4;4;3;3;31;3;4;4;4;4;19;4;4;3;11;4;3;4;4;3;4;22;2;2;2;6;3;3;2;2;3;13;0;41;3;15;2;1;30;1;5;4;4;4;4;4;4;3;1;4;3;4;4;3;3;3;3;4;2;4;3;2;2;1;4;2;2;2;4;3;3;3;4;4;4;2;2;3;3;4;2;4;;;;;;;;;;;;;;;;
110;3;4;3;4;2;2;18;2;2;2;2;8;3;3;4;4;4;3;4;3;4;32;4;2;2;4;4;16;4;4;3;11;3;3;3;3;3;3;18;2;3;3;8;3;2;3;3;3;14;0;41;3;15;2;1;30;1;5;4;4;4;4;4;4;3;1;4;3;4;4;3;3;3;3;4;2;4;3;2;2;1;4;2;2;2;4;3;3;3;4;4;4;2;2;3;3;4;2;4;;;;;;;;;;;;;;;;
111;3;3;3;2;3;4;18;3;3;3;4;13;4;4;3;3;3;4;4;4;4;33;4;4;4;4;4;20;4;3;3;10;4;4;4;4;4;4;24;3;4;4;11;3;3;3;3;4;16;0;41;3;15;2;1;30;1;5;4;4;4;4;4;4;3;1;4;3;4;4;3;3;3;3;4;2;4;3;2;2;1;4;2;2;2;4;3;3;3;4;4;4;2;2;3;3;4;2;4;;;;;;;;;;;;;;;;
112;4;4;4;4;3;3;22;4;3;4;3;14;4;3;3;4;4;3;4;4;4;33;4;4;4;4;4;20;4;4;2;10;4;4;4;2;4;4;22;4;3;4;11;4;4;;4;4;16;0;41;3;15;2;1;30;1;5;4;4;4;4;4;4;3;1;4;3;4;4;3;3;3;3;4;2;4;3;2;2;1;4;2;2;2;4;3;3;3;4;4;4;2;2;3;3;4;2;4;;;;;;;;;;;;;;;;
113;3;4;4;2;1;2;16;2;3;3;3;11;3;4;3;3;2;3;4;3;4;29;3;3;4;3;3;16;2;4;3;9;3;3;3;4;4;4;21;2;3;2;7;3;3;3;4;4;17;0;41;3;15;2;1;30;1;5;4;4;4;4;4;4;3;1;4;3;4;4;3;3;3;3;4;2;4;3;2;2;1;4;2;2;2;4;3;3;3;4;4;4;2;2;3;3;4;2;4;;;;;;;;;;;;;;;;
114;4;3;3;2;2;2;16;3;2;2;3;10;2;2;3;3;2;2;2;3;4;23;3;3;3;3;2;14;3;3;2;8;3;2;2;2;3;3;15;3;2;3;8;3;3;3;3;4;16;0;40;2;15;2;1;25;1;10;4;4;4;4;3;3;2;2;3;3;4;4;3;3;3;2;4;2;4;3;4;2;2;4;2;2;2;4;4;4;4;4;4;4;3;3;3;3;3;4;4;;;;;;;;;;;;;;;;
115;4;4;3;3;3;4;21;4;4;4;3;15;3;3;3;3;3;2;4;2;4;27;2;4;4;3;3;16;4;3;2;9;3;4;4;4;4;3;22;2;4;4;10;3;4;4;4;4;19;0;40;2;15;2;1;25;1;10;4;4;4;4;3;3;2;2;3;3;4;4;3;3;3;2;4;2;4;3;4;2;2;4;2;2;2;4;4;4;4;4;4;4;3;3;3;3;3;4;4;;;;;;;;;;;;;;;;
116;3;4;3;3;2;2;17;3;2;2;2;9;3;3;3;4;3;2;3;2;4;27;3;3;3;3;3;15;3;3;4;10;3;3;3;3;3;3;18;3;2;2;7;3;3;3;3;3;15;0;40;2;15;2;1;25;1;10;4;4;4;4;3;3;2;2;3;3;4;4;3;3;3;2;4;2;4;3;4;2;2;4;2;2;2;4;4;4;4;4;4;4;3;3;3;3;3;4;4;;;;;;;;;;;;;;;;
117;3;3;3;3;2;2;16;3;3;3;3;12;3;2;3;2;2;4;4;4;4;28;4;4;4;2;3;17;3;2;2;7;3;3;3;3;4;4;20;3;3;4;10;4;4;4;3;4;19;0;40;2;15;2;1;25;1;10;4;4;4;4;3;3;2;2;3;3;4;4;3;3;3;2;4;2;4;3;4;2;2;4;2;2;2;4;4;4;4;4;4;4;3;3;3;3;3;4;4;;;;;;;;;;;;;;;;
118;2;4;2;3;2;2;15;3;3;3;3;12;2;1;2;2;3;1;3;2;2;18;2;;3;3;3;11;2;2;2;6;3;3;2;2;3;3;16;2;3;2;7;3;2;2;3;3;13;0;40;2;15;2;1;25;1;10;4;4;4;4;3;3;2;2;3;3;4;4;3;3;3;2;4;2;4;3;4;2;2;4;2;2;2;4;4;4;4;4;4;4;3;3;3;3;3;4;4;;;;;;;;;;;;;;;;
119;4;4;4;4;2;3;21;3;3;3;3;12;2;2;2;2;3;2;2;2;2;19;2;2;3;3;2;12;3;2;3;8;4;4;4;3;3;3;21;3;4;4;11;4;3;4;4;3;18;0;40;2;15;2;1;25;1;10;4;4;4;4;3;3;2;2;3;3;4;4;3;3;3;2;4;2;4;3;4;2;2;4;2;2;2;4;4;4;4;4;4;4;3;3;3;3;3;4;4;;;;;;;;;;;;;;;;
120;3;4;4;3;2;4;20;4;3;3;2;12;3;2;1;2;2;1;3;3;2;19;3;1;4;2;3;13;2;3;3;8;4;4;4;2;3;4;21;3;4;4;11;2;3;2;4;4;15;0;40;2;15;2;1;25;1;10;4;4;4;4;3;3;2;2;3;3;4;4;3;3;3;2;4;2;4;3;4;2;2;4;2;2;2;4;4;4;4;4;4;4;3;3;3;3;3;4;4;;;;;;;;;;;;;;;;
121;4;4;4;3;3;3;21;4;3;3;4;14;4;4;4;4;4;4;4;3;4;35;4;3;4;4;4;19;4;3;3;10;4;4;4;2;4;4;22;4;4;4;12;3;4;4;4;4;19;0;40;2;15;2;1;25;1;10;4;4;4;4;3;3;2;2;3;3;4;4;3;3;3;2;4;2;4;3;4;2;2;4;2;2;2;4;4;4;4;4;4;4;3;3;3;3;3;4;4;;;;;;;;;;;;;;;;
122;2;2;3;NA;1;1;9;1;2;2;1;6;1;1;2;1;1;2;1;1;1;11;1;1;4;1;1;8;2;1;1;4;4;4;2;1;1;2;14;1;1;1;3;1;1;1;4;4;11;0;40;2;15;2;1;25;1;10;4;4;4;4;3;3;2;2;3;3;4;4;3;3;3;2;4;2;4;3;4;2;2;4;2;2;2;4;4;4;4;4;4;4;3;3;3;3;3;4;4;;;;;;;;;;;;;;;;
123;3;3;1;3;1;1;12;3;2;3;3;11;3;2;2;3;2;2;3;2;2;21;2;3;3;3;3;14;2;2;2;6;3;3;3;1;4;4;18;1;1;1;3;1;1;1;3;3;9;0;40;2;15;2;1;25;1;10;4;4;4;4;3;3;2;2;3;3;4;4;3;3;3;2;4;2;4;3;4;2;2;4;2;2;2;4;4;4;4;4;4;4;3;3;3;3;3;4;4;;;;;;;;;;;;;;;;
124;4;4;4;4;4;3;23;4;4;4;4;16;3;4;2;2;2;1;1;1;1;17;1;2;2;1;1;7;1;1;1;3;4;4;4;4;4;4;24;4;4;4;12;4;4;4;4;3;19;0;40;2;15;2;1;25;1;10;4;4;4;4;3;3;2;2;3;3;4;4;3;3;3;2;4;2;4;3;4;2;2;4;2;2;2;4;4;4;4;4;4;4;3;3;3;3;3;4;4;;;;;;;;;;;;;;;;
125;3;4;4;4;4;4;23;4;4;3;3;14;4;4;4;4;3;3;3;3;3;31;4;4;4;4;4;20;4;4;4;12;4;4;4;4;4;4;24;4;4;4;12;4;4;4;3;4;19;;;;;;;;;;;;;;;;;;;;;;;;;;;;;;;;;;;;;;;;;;;;;;;;;;;;;;;;;;;;;;;;;;
126;4;4;4;3;3;2;20;3;3;4;3;13;2;1;4;2;3;3;3;3;2;23;2;3;3;1;2;11;2;2;1;5;4;4;4;3;3;3;21;3;4;4;11;3;3;3;2;3;14;0;40;2;15;2;1;25;1;10;4;4;4;4;3;3;2;2;3;3;4;4;3;3;3;2;4;2;4;3;4;2;2;4;2;2;2;4;4;4;4;4;4;4;3;3;3;3;3;4;4;;;;;;;;;;;;;;;;
127;3;4;3;3;2;2;17;3;2;3;3;11;3;1;2;2;2;3;3;2;2;20;2;2;3;2;3;12;3;3;2;8;3;3;3;2;3;3;17;2;3;2;7;3;3;3;4;3;16;0;40;2;15;2;1;25;1;10;4;4;4;4;3;3;2;2;3;3;4;4;3;3;3;2;4;2;4;3;4;2;2;4;2;2;2;4;4;4;4;4;4;4;3;3;3;3;3;4;4;;;;;;;;;;;;;;;;
128;3;3;4;3;3;3;19;3;3;3;3;12;3;3;3;3;3;2;3;3;4;27;3;3;3;3;3;15;4;3;2;9;3;3;3;2;3;3;17;3;4;3;10;3;3;3;3;3;15;0;40;2;15;2;1;25;1;10;4;4;4;4;3;3;2;2;3;3;4;4;3;3;3;2;4;2;4;3;4;2;2;4;2;2;2;4;4;4;4;4;4;4;3;3;3;3;3;4;4;;;;;;;;;;;;;;;;
129;4;4;4;4;3;4;23;4;4;4;4;16;3;3;3;3;3;3;3;3;3;27;3;4;4;4;4;19;4;3;2;9;4;4;4;4;4;4;24;4;3;3;10;3;3;3;3;4;16;0;40;2;15;2;1;25;1;10;4;4;4;4;3;3;2;2;3;3;4;4;3;3;3;2;4;2;4;3;4;2;2;4;2;2;2;4;4;4;4;4;4;4;3;3;3;3;3;4;4;;;;;;;;;;;;;;;;
130;3;4;3;2;2;4;18;2;3;2;2;9;4;2;2;2;2;2;2;3;2;21;2;3;3;3;2;13;1;2;3;6;3;3;2;3;3;4;18;2;3;3;8;4;4;2;4;3;17;0;40;2;15;2;1;25;1;10;4;4;4;4;3;3;2;2;3;3;4;4;3;3;3;2;4;2;4;3;4;2;2;4;2;2;2;4;4;4;4;4;4;4;3;3;3;3;3;4;4;;;;;;;;;;;;;;;;
131;3;4;2;1;2;2;14;4;4;4;4;16;4;1;1;1;1;1;1;1;2;13;1;1;1;1;2;6;2;2;2;6;4;4;4;1;4;3;20;4;4;4;12;4;4;4;3;4;19;0;40;2;15;2;1;25;1;10;4;4;4;4;3;3;2;2;3;3;4;4;3;3;3;2;4;2;4;3;4;2;2;4;2;2;2;4;4;4;4;4;4;4;3;3;3;3;3;4;4;;;;;;;;;;;;;;;;
132;4;4;4;4;3;3;22;3;3;3;3;12;3;2;2;3;3;3;3;2;2;23;2;3;3;3;3;14;2;2;2;6;4;3;3;3;3;3;19;2;3;3;8;3;3;3;3;3;15;0;40;2;15;2;1;25;1;10;4;4;4;4;3;3;2;2;3;3;4;4;3;3;3;2;4;2;4;3;4;2;2;4;2;2;2;4;4;4;4;4;4;4;3;3;3;3;3;4;4;;;;;;;;;;;;;;;;
133;3;4;3;4;4;4;22;4;4;4;4;16;4;4;4;4;3;4;4;4;3;34;3;3;4;4;4;18;3;3;3;9;4;4;4;4;4;4;24;4;4;4;12;4;4;4;4;4;20;0;40;2;15;2;1;25;1;10;4;4;4;4;3;3;2;2;3;3;4;4;3;3;3;2;4;2;4;3;4;2;2;4;2;2;2;4;4;4;4;4;4;4;3;3;3;3;3;4;4;;;;;;;;;;;;;;;;
134;3;4;3;3;3;3;19;3;3;3;3;12;4;3;3;3;4;3;3;3;3;29;3;3;4;3;3;16;3;3;3;9;3;3;3;3;4;3;19;3;3;3;9;3;3;3;4;4;17;0;65;2;44;2;1;17;1;6;3;4;2;2;3;4;2;2;4;3;4;4;4;4;3;4;4;4;4;4;4;3;2;4;2;2;4;4;4;4;4;4;4;3;2;4;2;3;4;3;4;;;;;;;;;;;;;;;;
135;3;4;2;3;3;1;16;4;3;3;3;13;4;4;3;3;3;4;4;4;3;32;3;3;3;3;3;15;4;4;4;12;4;4;4;3;3;3;21;3;3;3;9;3;3;3;4;4;17;0;65;2;44;2;1;17;1;6;3;4;2;2;3;4;2;2;4;3;4;4;4;4;3;4;4;4;4;4;4;3;2;4;2;2;4;4;4;4;4;4;4;3;2;4;2;3;4;3;4;;;;;;;;;;;;;;;;
136;3;4;3;3;4;3;20;3;3;4;3;13;3;2;3;3;3;3;3;2;3;25;3;3;3;3;3;15;3;4;2;9;3;3;3;3;4;4;20;2;3;3;8;3;3;3;3;3;15;0;65;2;44;2;1;17;1;6;3;4;2;2;3;4;2;2;4;3;4;4;4;4;3;4;4;4;4;4;4;3;2;4;2;2;4;4;4;4;4;4;4;3;2;4;2;3;4;3;4;;;;;;;;;;;;;;;;
137;4;4;4;4;2;1;19;3;1;4;2;10;2;4;4;3;4;3;4;3;3;30;3;3;3;3;3;15;3;3;3;9;4;4;4;3;3;3;21;3;3;3;9;3;3;3;3;3;15;0;65;2;44;2;1;17;1;6;3;4;2;2;3;4;2;2;4;3;4;4;4;4;3;4;4;4;4;4;4;3;2;4;2;2;4;4;4;4;4;4;4;3;2;4;2;3;4;3;4;;;;;;;;;;;;;;;;
138;3;3;2;4;1;1;14;1;1;1;1;4;1;3;1;1;3;3;4;3;3;22;3;3;3;4;4;17;2;4;1;7;3;4;4;3;4;1;19;1;3;3;7;1;1;3;1;2;8;0;65;2;44;2;1;17;1;6;3;4;2;2;3;4;2;2;4;3;4;4;4;4;3;4;4;4;4;4;4;3;2;4;2;2;4;4;4;4;4;4;4;3;2;4;2;3;4;3;4;;;;;;;;;;;;;;;;
139;4;4;4;4;1;2;19;3;3;3;4;13;4;4;4;4;4;4;4;4;4;36;4;2;4;3;3;16;4;4;4;12;3;3;2;2;3;4;17;2;4;4;10;2;4;3;4;4;17;0;65;2;44;2;1;17;1;6;3;4;2;2;3;4;2;2;4;3;4;4;4;4;3;4;4;4;4;4;4;3;2;4;2;2;4;4;4;4;4;4;4;3;2;4;2;3;4;3;4;;;;;;;;;;;;;;;;
140;2;4;3;4;2;2;17;3;2;4;4;13;4;4;1;3;2;3;3;4;3;27;3;3;4;3;3;16;4;3;1;8;3;4;3;2;3;3;18;2;3;3;8;3;1;3;3;4;14;0;65;2;44;2;1;17;1;6;3;4;2;2;3;4;2;2;4;3;4;4;4;4;3;4;4;4;4;4;4;3;2;4;2;2;4;4;4;4;4;4;4;3;2;4;2;3;4;3;4;;;;;;;;;;;;;;;;
141;3;3;2;4;2;2;16;3;3;3;3;12;2;3;1;2;3;3;3;2;3;22;3;3;4;4;3;17;3;3;2;8;4;4;3;2;2;3;18;2;4;4;10;3;4;4;3;3;17;0;65;2;44;2;1;17;1;6;3;4;2;2;3;4;2;2;4;3;4;4;4;4;3;4;4;4;4;4;4;3;2;4;2;2;4;4;4;4;4;4;4;3;2;4;2;3;4;3;4;;;;;;;;;;;;;;;;
142;4;4;3;3;2;3;19;4;4;4;2;14;4;3;2;3;3;4;4;3;4;30;4;4;4;4;4;20;4;4;3;11;4;4;4;4;4;4;24;4;2;3;9;4;4;4;4;4;20;0;65;2;44;2;1;17;1;6;3;4;2;2;3;4;2;2;4;3;4;4;4;4;3;4;4;4;4;4;4;3;2;4;2;2;4;4;4;4;4;4;4;3;2;4;2;3;4;3;4;;;;;;;;;;;;;;;;
143;4;4;4;4;2;2;20;2;2;3;2;9;1;4;2;2;2;3;4;3;4;25;3;4;4;4;4;19;3;3;2;8;3;3;4;2;3;3;18;1;1;2;4;2;4;3;3;3;15;0;65;2;44;2;1;17;1;6;3;4;2;2;3;4;2;2;4;3;4;4;4;4;3;4;4;4;4;4;4;3;2;4;2;2;4;4;4;4;4;4;4;3;2;4;2;3;4;3;4;;;;;;;;;;;;;;;;
144;4;4;4;4;2;3;21;3;3;2;2;10;2;2;1;1;1;1;4;1;2;15;3;3;3;3;2;14;3;3;3;9;4;4;4;NA;4;3;19;1;1;1;3;3;4;3;4;4;18;0;65;2;44;2;1;17;1;6;3;4;2;2;3;4;2;2;4;3;4;4;4;4;3;4;4;4;4;4;4;3;2;4;2;2;4;4;4;4;4;4;4;3;2;4;2;3;4;3;4;;;;;;;;;;;;;;;;
145;1;1;4;3;1;1;11;1;3;2;3;9;1;1;1;1;1;1;1;1;1;9;1;1;1;1;1;5;1;1;1;3;4;2;3;3;2;2;16;2;1;1;4;1;1;1;1;1;5;0;65;2;44;2;1;17;1;6;3;4;2;2;3;4;2;2;4;3;4;4;4;4;3;4;4;4;4;4;4;3;2;4;2;2;4;4;4;4;4;4;4;3;2;4;2;3;4;3;4;;;;;;;;;;;;;;;;
146;4;4;4;3;2;2;19;3;2;3;3;11;2;4;3;3;3;3;3;4;4;29;3;2;4;3;4;16;4;4;1;9;3;3;4;2;2;2;16;1;3;2;6;3;3;4;4;4;18;0;65;2;44;2;1;17;1;6;3;4;2;2;3;4;2;2;4;3;4;4;4;4;3;4;4;4;4;4;4;3;2;4;2;2;4;4;4;4;4;4;4;3;2;4;2;3;4;3;4;;;;;;;;;;;;;;;;
147;3;3;3;3;4;3;19;4;4;3;4;15;2;3;4;3;3;3;4;4;4;30;3;3;2;3;4;15;4;4;3;11;4;4;3;3;4;4;22;2;3;3;8;3;4;4;4;3;18;0;65;2;44;2;1;17;1;6;3;4;2;2;3;4;2;2;4;3;4;4;4;4;3;4;4;4;4;4;4;3;2;4;2;2;4;4;4;4;4;4;4;3;2;4;2;3;4;3;4;;;;;;;;;;;;;;;;
148;3;3;NA;2;3;3;14;3;3;4;3;13;3;2;3;3;3;3;3;3;3;26;3;3;4;4;4;18;4;3;2;9;3;3;3;3;3;3;18;3;3;4;10;3;3;4;3;3;16;0;65;2;44;2;1;17;1;6;3;4;2;2;3;4;2;2;4;3;4;4;4;4;3;4;4;4;4;4;4;3;2;4;2;2;4;4;4;4;4;4;4;3;2;4;2;3;4;3;4;;;;;;;;;;;;;;;;
149;4;4;4;4;3;3;22;3;3;3;3;12;2;3;3;3;3;3;3;3;3;26;3;3;3;4;4;17;4;4;3;11;3;3;3;3;3;3;18;3;3;3;9;3;3;3;3;3;15;0;65;2;44;2;1;17;1;6;3;4;2;2;3;4;2;2;4;3;4;4;4;4;3;4;4;4;4;4;4;3;2;4;2;2;4;4;4;4;4;4;4;3;2;4;2;3;4;3;4;;;;;;;;;;;;;;;;
150;4;4;4;3;3;3;21;4;4;3;3;14;2;3;3;4;3;4;4;4;4;31;4;4;4;3;3;18;4;4;3;11;3;3;3;1;3;4;17;3;3;3;9;4;4;4;4;4;20;0;37;2;10;2;1;17;1;3;4;4;4;4;4;3;3;3;3;3;4;4;4;4;4;4;4;2;4;4;4;3;3;4;3;2;4;4;4;4;4;4;4;3;3;3;3;3;4;4;4;;;;;;;;;;;;;;;;
151;4;4;3;4;3;3;21;3;3;4;3;13;4;4;4;4;4;4;4;3;4;35;4;4;4;4;4;20;4;4;3;11;2;4;3;3;1;1;14;3;3;3;9;3;3;3;4;4;17;0;37;2;10;2;1;17;1;3;4;4;4;4;4;3;3;3;3;3;4;4;4;4;4;4;4;2;4;4;4;3;3;4;3;2;4;4;4;4;4;4;4;3;3;3;3;3;4;4;4;;;;;;;;;;;;;;;;
152;4;4;3;4;3;3;21;2;2;3;3;10;3;3;3;3;3;4;4;4;4;31;4;3;4;3;3;17;4;4;3;11;4;4;3;3;3;3;20;3;3;3;9;3;3;3;3;4;16;0;37;2;10;2;1;17;1;3;4;4;4;4;4;3;3;3;3;3;4;4;4;4;4;4;4;2;4;4;4;3;3;4;3;2;4;4;4;4;4;4;4;3;3;3;3;3;4;4;4;;;;;;;;;;;;;;;;
153;3;3;3;3;3;3;18;3;3;3;3;12;3;3;3;3;3;3;3;3;3;27;3;3;3;3;3;15;3;3;3;9;4;4;4;3;4;4;23;3;4;3;10;3;3;3;3;3;15;0;37;2;10;2;1;17;1;3;4;4;4;4;4;3;3;3;3;3;4;4;4;4;4;4;4;2;4;4;4;3;3;4;3;2;4;4;4;4;4;4;4;3;3;3;3;3;4;4;4;;;;;;;;;;;;;;;;
154;4;4;3;4;4;3;22;3;3;3;3;12;3;3;4;4;3;4;4;3;4;32;4;4;4;4;4;20;3;4;4;11;4;4;4;4;4;4;24;4;2;4;10;4;4;4;2;3;17;0;37;2;10;2;1;17;1;3;4;4;4;4;4;3;3;3;3;3;4;4;4;4;4;4;4;2;4;4;4;3;3;4;3;2;4;4;4;4;4;4;4;3;3;3;3;3;4;4;4;;;;;;;;;;;;;;;;
155;4;4;4;4;4;3;23;3;3;3;3;12;3;4;4;4;4;4;3;4;4;34;3;3;3;4;4;17;4;4;3;11;3;3;3;3;3;3;18;3;1;2;6;3;3;3;2;3;14;0;37;2;10;2;1;17;1;3;4;4;4;4;4;3;3;3;3;3;4;4;4;4;4;4;4;2;4;4;4;3;3;4;3;2;4;4;4;4;4;4;4;3;3;3;3;3;4;4;4;;;;;;;;;;;;;;;;
156;3;3;3;2;2;2;15;2;3;2;2;9;1;3;3;3;1;1;3;2;3;20;2;3;3;2;3;13;3;2;2;7;3;3;3;2;3;2;16;1;3;3;7;2;2;2;3;3;12;0;37;2;10;2;1;17;1;3;4;4;4;4;4;3;3;3;3;3;4;4;4;4;4;4;4;2;4;4;4;3;3;4;3;2;4;4;4;4;4;4;4;3;3;3;3;3;4;4;4;;;;;;;;;;;;;;;;
157;2;3;2;2;2;2;13;2;2;3;3;10;3;3;3;3;2;4;4;3;3;28;3;3;3;3;3;15;4;4;3;11;3;3;1;1;2;2;12;1;1;1;3;1;2;2;2;3;10;0;37;2;10;2;1;17;1;3;4;4;4;4;4;3;3;3;3;3;4;4;4;4;4;4;4;2;4;4;4;3;3;4;3;2;4;4;4;4;4;4;4;3;3;3;3;3;4;4;4;;;;;;;;;;;;;;;;
158;3;4;3;3;3;3;19;4;2;3;3;12;4;4;4;4;4;3;4;4;4;35;4;3;3;4;4;18;3;3;3;9;2;2;4;1;2;3;14;3;3;3;9;3;3;2;2;4;14;0;37;2;10;2;1;17;1;3;4;4;4;4;4;3;3;3;3;3;4;4;4;4;4;4;4;2;4;4;4;3;3;4;3;2;4;4;4;4;4;4;4;3;3;3;3;3;4;4;4;;;;;;;;;;;;;;;;
159;4;3;4;4;2;2;19;2;3;3;3;11;3;3;3;3;3;3;3;3;3;27;3;3;3;4;4;17;4;3;3;10;4;4;4;4;4;4;24;2;3;3;8;2;1;3;3;3;12;0;37;2;10;2;1;17;1;3;4;4;4;4;4;3;3;3;3;3;4;4;4;4;4;4;4;2;4;4;4;3;3;4;3;2;4;4;4;4;4;4;4;3;3;3;3;3;4;4;4;;;;;;;;;;;;;;;;
160;3;4;2;3;1;2;15;2;2;2;3;9;4;4;3;3;4;3;3;2;3;29;4;NA;4;4;3;15;4;4;2;10;2;2;3;NA;1;3;11;NA;3;4;7;2;1;2;1;3;9;0;37;2;10;2;1;17;1;3;4;4;4;4;4;3;3;3;3;3;4;4;4;4;4;4;4;2;4;4;4;3;3;4;3;2;4;4;4;4;4;4;4;3;3;3;3;3;4;4;4;;;;;;;;;;;;;;;;
161;4;4;3;4;3;3;21;4;4;3;3;14;4;3;4;4;4;4;4;4;4;35;4;4;4;4;4;20;4;4;4;12;2;2;3;2;1;3;13;4;NA;3;7;4;4;4;4;4;20;0;37;2;10;2;1;17;1;3;4;4;4;4;4;3;3;3;3;3;4;4;4;4;4;4;4;2;4;4;4;3;3;4;3;2;4;4;4;4;4;4;4;3;3;3;3;3;4;4;4;;;;;;;;;;;;;;;;
162;4;4;3;4;3;4;22;3;4;4;4;15;4;3;3;4;3;2;4;3;4;30;3;4;3;3;3;16;4;4;3;11;4;4;3;2;3;3;19;4;4;3;11;4;4;4;4;4;20;0;37;2;10;2;1;17;1;3;4;4;4;4;4;3;3;3;3;3;4;4;4;4;4;4;4;2;4;4;4;3;3;4;3;2;4;4;4;4;4;4;4;3;3;3;3;3;4;4;4;;;;;;;;;;;;;;;;
163;4;4;4;4;3;3;22;3;3;3;3;12;4;4;4;4;4;4;4;4;4;36;4;3;4;4;4;19;4;4;4;12;4;4;4;3;3;4;22;3;4;4;11;4;4;4;4;4;20;0;37;2;10;2;1;17;1;3;4;4;4;4;4;3;3;3;3;3;4;4;4;4;4;4;4;2;4;4;4;3;3;4;3;2;4;4;4;4;4;4;4;3;3;3;3;3;4;4;4;;;;;;;;;;;;;;;;
164;4;4;4;4;3;4;23;3;3;3;4;13;3;4;4;4;4;4;4;4;4;35;4;4;4;4;4;20;4;4;3;11;4;4;4;3;3;3;21;3;3;4;10;3;2;3;4;4;16;0;37;2;10;2;1;17;1;3;4;4;4;4;4;3;3;3;3;3;4;4;4;4;4;4;4;2;4;4;4;3;3;4;3;2;4;4;4;4;4;4;4;3;3;3;3;3;4;4;4;;;;;;;;;;;;;;;;
165;3;4;4;4;3;3;21;4;4;4;4;16;4;3;2;3;3;4;4;3;4;30;4;4;3;4;4;19;4;3;2;9;3;4;4;3;4;4;22;4;4;4;12;4;3;3;4;4;18;0;37;2;10;2;1;17;1;3;4;4;4;4;4;3;3;3;3;3;4;4;4;4;4;4;4;2;4;4;4;3;3;4;3;2;4;4;4;4;4;4;4;3;3;3;3;3;4;4;4;;;;;;;;;;;;;;;;
166;4;4;4;4;4;4;24;4;4;4;4;16;1;4;4;4;4;4;4;4;4;33;4;4;4;4;4;20;4;4;4;12;4;4;4;4;4;4;24;4;4;4;12;4;4;4;4;4;20;0;40;1;20;1;1;19;1;10;4;3;4;3;2;3;3;3;3;3;4;4;3;3;3;4;4;3;4;3;4;2;2;4;2;2;3;4;4;4;4;4;4;1;2;2;3;3;3;4;3;;;;;;;;;;;;;;;;
167;2;4;3;3;2;3;17;3;3;2;3;11;2;2;2;3;3;3;4;3;3;25;3;3;3;4;2;15;3;2;3;8;4;3;4;3;3;2;19;3;3;4;10;3;3;4;3;4;17;0;40;1;20;1;1;19;1;10;4;3;4;3;2;3;3;3;3;3;4;4;3;3;3;4;4;3;4;3;4;2;2;4;2;2;3;4;4;4;4;4;4;1;2;2;3;3;3;4;3;;;;;;;;;;;;;;;;
168;4;4;4;3;2;3;20;3;3;3;3;12;3;4;3;3;3;3;4;3;3;29;3;3;3;3;3;15;3;3;3;9;3;3;3;2;3;3;17;3;3;3;9;4;3;4;4;4;19;0;40;1;20;1;1;19;1;10;4;3;4;3;2;3;3;3;3;3;4;4;3;3;3;4;4;3;4;3;4;2;2;4;2;2;3;4;4;4;4;4;4;1;2;2;3;3;3;4;3;;;;;;;;;;;;;;;;
169;3;3;3;3;3;3;18;3;3;3;3;12;3;3;3;3;3;3;3;3;3;27;3;3;3;3;3;15;4;3;4;11;4;4;3;3;3;3;20;2;3;3;8;3;3;3;4;3;16;0;40;1;20;1;1;19;1;10;4;3;4;3;2;3;3;3;3;3;4;4;3;3;3;4;4;3;4;3;4;2;2;4;2;2;3;4;4;4;4;4;4;1;2;2;3;3;3;4;3;;;;;;;;;;;;;;;;
170;4;4;3;3;3;3;20;3;3;3;3;12;3;3;4;4;4;4;4;4;4;34;4;4;4;4;4;20;4;4;3;11;4;4;4;4;4;4;24;4;4;4;12;4;4;4;4;4;20;0;40;1;20;1;1;19;1;10;4;3;4;3;2;3;3;3;3;3;4;4;3;3;3;4;4;3;4;3;4;2;2;4;2;2;3;4;4;4;4;4;4;1;2;2;3;3;3;4;3;;;;;;;;;;;;;;;;
171;4;4;4;3;4;3;22;4;3;3;3;13;3;3;3;3;3;3;4;3;4;29;3;3;4;4;3;17;4;3;3;10;2;3;2;2;3;3;15;3;3;3;9;4;4;4;3;4;19;0;40;1;20;1;1;19;1;10;4;3;4;3;2;3;3;3;3;3;4;4;3;3;3;4;4;3;4;3;4;2;2;4;2;2;3;4;4;4;4;4;4;1;2;2;3;3;3;4;3;;;;;;;;;;;;;;;;
172;4;4;3;4;3;4;22;3;4;3;3;13;4;4;4;4;4;4;4;3;4;35;3;4;4;4;4;19;4;4;2;10;3;2;2;2;2;3;14;4;4;4;12;4;4;4;4;4;20;0;40;1;20;1;1;19;1;10;4;3;4;3;2;3;3;3;3;3;4;4;3;3;3;4;4;3;4;3;4;2;2;4;2;2;3;4;4;4;4;4;4;1;2;2;3;3;3;4;3;;;;;;;;;;;;;;;;
173;3;4;3;3;2;2;17;3;2;3;3;11;3;4;4;3;3;3;4;4;4;32;4;3;3;3;3;16;2;3;2;7;3;3;3;3;3;3;18;3;3;3;9;3;3;3;3;3;15;0;40;1;20;1;1;19;1;10;4;3;4;3;2;3;3;3;3;3;4;4;3;3;3;4;4;3;4;3;4;2;2;4;2;2;3;4;4;4;4;4;4;1;2;2;3;3;3;4;3;;;;;;;;;;;;;;;;
174;4;4;3;3;2;4;20;3;4;3;3;13;4;1;3;4;4;4;4;1;3;28;2;3;2;4;4;15;4;4;3;11;4;4;4;3;4;4;23;4;4;4;12;3;3;3;4;4;17;0;40;1;20;1;1;19;1;10;4;3;4;3;2;3;3;3;3;3;4;4;3;3;3;4;4;3;4;3;4;2;2;4;2;2;3;4;4;4;4;4;4;1;2;2;3;3;3;4;3;;;;;;;;;;;;;;;;
175;4;4;3;3;2;4;20;3;4;3;3;13;4;3;3;3;3;3;4;3;4;30;3;3;4;2;4;16;4;3;2;9;3;2;2;2;2;3;14;3;4;4;11;3;3;3;4;4;17;0;40;1;20;1;1;19;1;10;4;3;4;3;2;3;3;3;3;3;4;4;3;3;3;4;4;3;4;3;4;2;2;4;2;2;3;4;4;4;4;4;4;1;2;2;3;3;3;4;3;;;;;;;;;;;;;;;;
176;3;4;3;3;2;3;18;3;3;3;2;11;3;3;3;3;3;4;3;3;3;28;3;3;3;3;3;15;3;3;3;9;3;3;3;2;3;3;17;3;2;3;8;2;2;3;3;3;13;0;40;1;20;1;1;19;1;10;4;3;4;3;2;3;3;3;3;3;4;4;3;3;3;4;4;3;4;3;4;2;2;4;2;2;3;4;4;4;4;4;4;1;2;2;3;3;3;4;3;;;;;;;;;;;;;;;;
177;3;4;3;3;3;2;18;3;3;3;3;12;3;3;4;4;4;4;4;4;4;34;4;3;3;3;3;16;4;3;4;11;4;4;3;3;3;3;20;4;3;3;10;3;3;3;4;4;17;0;40;1;20;1;1;19;1;10;4;3;4;3;2;3;3;3;3;3;4;4;3;3;3;4;4;3;4;3;4;2;2;4;2;2;3;4;4;4;4;4;4;1;2;2;3;3;3;4;3;;;;;;;;;;;;;;;;
178;4;4;2;2;2;2;16;3;2;3;3;11;2;4;2;3;3;4;4;3;4;29;4;3;4;3;3;17;4;2;2;8;4;4;4;3;4;4;23;4;4;4;12;4;4;3;3;4;18;0;40;1;20;1;1;19;1;10;4;3;4;3;2;3;3;3;3;3;4;4;3;3;3;4;4;3;4;3;4;2;2;4;2;2;3;4;4;4;4;4;4;1;2;2;3;3;3;4;3;;;;;;;;;;;;;;;;
179;3;4;3;3;4;3;20;2;2;3;2;9;3;2;2;2;1;1;1;1;1;14;1;1;2;2;2;8;2;2;2;6;3;3;3;3;3;3;18;3;3;3;9;3;3;3;2;3;14;0;40;2;17;2;0;15;1;5;3;3;3;2;2;2;1;2;3;2;3;3;3;3;3;3;3;3;3;3;3;2;2;3;2;1;2;3;4;4;4;3;3;3;3;3;3;3;3;3;3;;;;;;;;;;;;;;;;
180;4;4;3;3;2;1;17;3;4;4;3;14;4;4;3;3;2;3;4;4;4;31;4;4;4;3;3;18;4;4;3;11;4;4;4;3;4;4;23;3;4;4;11;3;2;3;4;4;16;0;40;2;17;2;0;15;1;5;3;3;3;2;2;2;1;2;3;2;3;3;3;3;3;3;3;3;3;3;3;2;2;3;2;1;2;3;4;4;4;3;3;3;3;3;3;3;3;3;3;;;;;;;;;;;;;;;;
181;4;4;4;3;4;3;22;3;3;3;3;12;2;4;3;3;3;3;3;4;4;29;4;4;4;4;4;20;3;3;2;8;3;3;3;3;3;3;18;3;3;3;9;3;3;3;3;4;16;0;40;2;17;2;0;15;1;5;3;3;3;2;2;2;1;2;3;2;3;3;3;3;3;3;3;3;3;3;3;2;2;3;2;1;2;3;4;4;4;3;3;3;3;3;3;3;3;3;3;;;;;;;;;;;;;;;;
182;4;4;2;3;2;3;18;2;3;3;3;11;4;4;4;4;3;2;4;3;3;31;4;4;4;4;4;20;4;3;3;10;4;4;4;4;4;4;24;2;3;3;8;2;3;3;4;4;16;0;40;2;17;2;0;15;1;5;3;3;3;2;2;2;1;2;3;2;3;3;3;3;3;3;3;3;3;3;3;2;2;3;2;1;2;3;4;4;4;3;3;3;3;3;3;3;3;3;3;;;;;;;;;;;;;;;;
183;3;3;2;2;1;1;12;1;1;1;1;4;3;3;3;2;2;3;4;3;4;27;4;4;4;4;4;20;2;3;2;7;4;4;3;4;4;4;23;4;4;4;12;4;3;4;4;4;19;0;40;2;17;2;0;15;1;5;3;3;3;2;2;2;1;2;3;2;3;3;3;3;3;3;3;3;3;3;3;2;2;3;2;1;2;3;4;4;4;3;3;3;3;3;3;3;3;3;3;;;;;;;;;;;;;;;;
184;3;3;3;3;2;3;17;2;3;3;3;11;3;3;3;3;2;3;3;2;3;25;3;NA;3;2;3;11;2;3;3;8;3;3;3;3;3;2;17;3;3;4;10;3;3;3;3;4;16;0;40;2;17;2;0;15;1;5;3;3;3;2;2;2;1;2;3;2;3;3;3;3;3;3;3;3;3;3;3;2;2;3;2;1;2;3;4;4;4;3;3;3;3;3;3;3;3;3;3;;;;;;;;;;;;;;;;
185;2;2;2;3;2;3;14;3;3;4;3;13;2;2;3;3;3;2;4;3;3;25;3;4;4;4;3;18;3;2;2;7;4;4;4;3;3;3;21;3;3;3;9;2;2;3;1;3;11;0;40;2;17;2;0;15;1;5;3;3;3;2;2;2;1;2;3;2;3;3;3;3;3;3;3;3;3;3;3;2;2;3;2;1;2;3;4;4;4;3;3;3;3;3;3;3;3;3;3;;;;;;;;;;;;;;;;
186;4;4;2;3;2;3;18;4;3;2;2;11;3;2;2;1;2;3;4;2;3;22;2;3;3;3;3;14;3;NA;2;5;4;4;4;4;4;4;24;3;3;3;9;3;3;3;3;2;14;0;40;2;19;1;1;27;1;10;4;4;4;4;3;4;3;3;4;3;4;4;4;4;4;NA;4;2;4;4;NA;3;NA;4;3;2;4;4;NA;NA;NA;3;NA;2;4;4;4;4;4;4;4;;;;;;;;;;;;;;;;
187;4;4;4;4;3;3;22;3;4;3;3;13;3;4;4;4;4;4;4;4;4;35;4;4;4;4;4;20;4;4;4;12;4;4;4;4;4;4;24;4;4;4;12;4;4;4;4;4;20;0;40;2;19;1;1;27;1;10;4;4;4;4;3;4;3;3;4;3;4;4;4;4;4;NA;4;2;4;4;NA;4;NA;4;3;2;4;4;NA;NA;NA;4;NA;2;4;4;4;4;4;4;4;;;;;;;;;;;;;;;;
188;3;3;3;4;2;2;17;3;2;3;1;9;3;3;3;2;2;2;4;2;3;24;3;3;3;4;4;17;3;3;3;9;2;2;2;3;3;2;14;2;3;3;8;2;3;3;3;3;14;0;40;2;19;1;1;27;1;10;4;4;4;4;3;4;3;3;4;3;4;4;4;4;4;NA;4;2;4;4;NA;6;NA;4;3;2;4;4;NA;NA;NA;6;NA;2;4;4;4;4;4;4;4;;;;;;;;;;;;;;;;
189;3;3;3;4;3;3;19;3;3;3;3;12;3;3;3;3;3;3;4;4;4;30;3;3;3;3;3;15;3;3;3;9;3;3;3;3;3;3;18;3;2;3;8;3;3;3;3;3;15;0;40;2;19;1;1;27;1;10;4;4;4;4;3;4;3;3;4;3;4;4;4;4;4;NA;4;2;4;4;NA;7;NA;4;3;2;4;4;NA;NA;NA;7;NA;2;4;4;4;4;4;4;4;;;;;;;;;;;;;;;;
190;4;4;4;3;3;3;21;3;3;3;3;12;3;4;4;4;4;3;4;4;4;34;4;4;4;4;4;20;4;4;3;11;4;4;3;4;3;2;20;3;3;3;9;4;4;4;4;4;20;0;40;2;19;1;1;27;1;10;4;4;4;4;3;4;3;3;4;3;4;4;4;4;4;NA;4;2;4;4;NA;8;NA;4;3;2;4;4;NA;NA;NA;8;NA;2;4;4;4;4;4;4;4;;;;;;;;;;;;;;;;
191;3;4;3;2;2;3;17;3;3;3;2;11;2;4;4;3;3;3;4;4;4;31;4;4;4;4;4;20;2;3;3;8;3;4;4;4;4;4;23;3;3;3;9;3;3;3;1;4;14;0;40;2;19;1;1;27;1;10;4;4;4;4;3;4;3;3;4;3;4;4;4;4;4;NA;4;2;4;4;NA;9;NA;4;3;2;4;4;NA;NA;NA;9;NA;2;4;4;4;4;4;4;4;;;;;;;;;;;;;;;;
192;3;4;2;3;3;3;18;2;3;3;3;11;3;3;4;4;4;2;4;3;3;30;3;3;3;4;3;16;3;3;3;9;3;3;2;3;3;3;17;3;3;2;8;2;3;3;3;3;14;0;40;2;19;1;1;27;1;10;4;4;4;4;3;4;3;3;4;3;4;4;4;4;4;NA;4;2;4;4;NA;10;NA;4;3;2;4;4;NA;NA;NA;10;NA;2;4;4;4;4;4;4;4;;;;;;;;;;;;;;;;
193;4;4;3;3;4;3;21;2;3;NA;NA;5;3;4;4;4;4;4;4;4;4;35;4;NA;4;4;4;16;4;4;4;12;4;4;NA;NA;NA;4;12;NA;NA;NA;0;3;3;3;4;4;17;0;40;2;19;1;1;27;1;10;4;4;4;4;3;4;3;3;4;3;4;4;4;4;4;NA;4;2;4;4;NA;11;NA;4;3;2;4;4;NA;NA;NA;11;NA;2;4;4;4;4;4;4;4;;;;;;;;;;;;;;;;
194;4;4;2;4;4;4;22;4;4;3;4;15;4;3;2;3;3;4;4;2;3;28;3;4;3;3;3;16;2;3;2;7;4;4;4;4;4;4;24;4;4;3;11;1;3;2;4;4;14;0;40;2;19;1;1;27;1;10;4;4;4;4;3;4;3;3;4;3;4;4;4;4;4;NA;4;2;4;4;NA;12;NA;4;3;2;4;4;NA;NA;NA;12;NA;2;4;4;4;4;4;4;4;;;;;;;;;;;;;;;;
195;3;3;2;3;4;3;18;4;3;4;4;15;4;4;4;4;4;4;4;4;4;36;4;4;4;4;4;20;4;4;3;11;4;4;4;3;4;4;23;4;3;3;10;3;3;3;4;4;17;0;40;2;19;1;1;27;1;10;4;4;4;4;3;4;3;3;4;3;4;4;4;4;4;NA;4;2;4;4;NA;13;NA;4;3;2;4;4;NA;NA;NA;13;NA;2;4;4;4;4;4;4;4;;;;;;;;;;;;;;;;
196;3;3;3;2;3;3;17;3;2;3;3;11;4;4;4;4;2;2;4;4;3;31;3;3;3;3;3;15;4;4;3;11;4;3;3;3;3;3;19;3;4;4;11;4;3;3;3;3;16;0;40;2;19;1;1;27;1;10;4;4;4;4;3;4;3;3;4;3;4;4;4;4;4;NA;4;2;4;4;NA;14;NA;4;3;2;4;4;NA;NA;NA;14;NA;2;4;4;4;4;4;4;4;;;;;;;;;;;;;;;;
197;3;4;3;3;3;4;20;3;3;3;4;13;4;4;4;4;4;4;4;4;4;36;4;4;4;4;4;20;4;4;2;10;3;4;4;4;4;4;23;3;3;3;9;4;4;4;4;4;20;0;40;2;19;1;1;27;1;10;4;4;4;4;3;4;3;3;4;3;4;4;4;4;4;NA;4;2;4;4;NA;15;NA;4;3;2;4;4;NA;NA;NA;15;NA;2;4;4;4;4;4;4;4;;;;;;;;;;;;;;;;
198;3;4;3;4;3;3;20;3;3;2;3;11;3;4;4;4;4;4;4;4;4;35;4;4;4;4;4;20;4;4;4;12;3;4;4;4;4;4;23;4;3;3;10;3;3;3;3;4;16;0;40;2;19;1;1;27;1;10;4;4;4;4;3;4;3;3;4;3;4;4;4;4;4;NA;4;2;4;4;NA;16;NA;4;3;2;4;4;NA;NA;NA;16;NA;2;4;4;4;4;4;4;4;;;;;;;;;;;;;;;;
199;4;4;4;4;3;3;22;3;3;3;3;12;4;4;4;4;4;4;4;4;4;36;4;3;4;4;4;19;4;4;3;11;3;4;4;3;3;3;20;4;3;3;10;4;4;4;4;4;20;0;40;2;19;1;1;27;1;10;4;4;4;4;3;4;3;3;4;3;4;4;4;4;4;NA;4;2;4;4;NA;17;NA;4;3;2;4;4;NA;NA;NA;17;NA;2;4;4;4;4;4;4;4;;;;;;;;;;;;;;;;
200;4;4;3;3;3;3;20;3;4;3;4;14;3;4;4;3;3;3;4;3;4;31;3;4;3;4;4;18;3;2;3;8;3;3;3;3;3;3;18;4;3;4;11;3;3;3;4;4;17;0;40;2;19;1;1;27;1;10;4;4;4;4;3;4;3;3;4;3;4;4;4;4;4;NA;4;2;4;4;NA;18;NA;4;3;2;4;4;NA;NA;NA;18;NA;2;4;4;4;4;4;4;4;;;;;;;;;;;;;;;;
201;3;3;3;3;2;3;17;2;1;1;2;6;3;4;4;4;4;4;4;4;4;35;4;4;4;4;4;20;4;4;4;12;4;4;4;3;3;3;21;2;4;4;10;3;3;3;3;3;15;0;40;2;19;1;1;27;1;10;4;4;4;4;3;4;3;3;4;3;4;4;4;4;4;NA;4;2;4;4;NA;19;NA;4;3;2;4;4;NA;NA;NA;19;NA;2;4;4;4;4;4;4;4;;;;;;;;;;;;;;;;
202;4;4;3;3;4;3;21;3;3;4;4;14;4;4;4;4;4;4;4;4;4;36;4;4;4;4;4;20;4;4;4;12;4;4;4;4;4;4;24;4;2;3;9;3;3;4;4;4;18;0;40;2;19;1;1;27;1;10;4;4;4;4;3;4;3;3;4;3;4;4;4;4;4;NA;4;2;4;4;NA;20;NA;4;3;2;4;4;NA;NA;NA;20;NA;2;4;4;4;4;4;4;4;;;;;;;;;;;;;;;;
203;3;3;2;2;1;3;14;2;2;3;3;10;3;3;4;4;4;3;4;3;3;31;3;3;3;3;3;15;3;4;3;10;3;3;3;2;3;3;17;2;2;3;7;1;2;3;1;3;10;0;40;2;19;1;1;27;1;10;4;4;4;4;3;4;3;3;4;3;4;4;4;4;4;NA;4;2;4;4;NA;21;NA;4;3;2;4;4;NA;NA;NA;21;NA;2;4;4;4;4;4;4;4;;;;;;;;;;;;;;;;
204;4;4;4;4;3;3;22;3;3;3;3;12;4;4;4;4;3;4;3;3;4;33;4;4;3;4;4;19;4;4;3;11;3;3;3;3;3;4;19;4;4;4;12;4;4;3;3;3;17;0;40;2;19;1;1;27;1;10;4;4;4;4;3;4;3;3;4;3;4;4;4;4;4;NA;4;2;4;4;NA;22;NA;4;3;2;4;4;NA;NA;NA;22;NA;2;4;4;4;4;4;4;4;;;;;;;;;;;;;;;;
205;3;4;4;4;4;4;23;4;4;3;4;15;3;4;4;4;4;4;4;4;4;35;4;4;4;4;4;20;4;4;4;12;4;4;4;4;4;4;24;4;4;4;12;4;4;4;4;4;20;0;40;2;19;1;1;27;1;10;4;4;4;4;3;4;3;3;4;3;4;4;4;4;4;NA;4;2;4;4;NA;23;NA;4;3;2;4;4;NA;NA;NA;23;NA;2;4;4;4;4;4;4;4;;;;;;;;;;;;;;;;
206;3;4;2;3;2;3;17;3;3;2;3;11;2;3;3;3;3;4;4;3;4;29;4;3;3;3;4;17;4;3;3;10;4;4;4;3;4;4;23;3;3;4;10;3;3;3;2;3;14;0;40;2;19;1;1;27;1;10;4;4;4;4;3;4;3;3;4;3;4;4;4;4;4;NA;4;2;4;4;NA;24;NA;4;3;2;4;4;NA;NA;NA;24;NA;2;4;4;4;4;4;4;4;;;;;;;;;;;;;;;;
207;4;4;1;3;3;2;17;4;2;2;3;11;3;2;4;3;4;4;4;3;3;30;3;1;1;4;4;13;4;3;3;10;3;3;3;2;1;2;14;3;3;3;9;4;2;3;3;4;16;1;41;2;11;2;1;15;1;10;4;4;4;3;3;2;2;3;3;3;1;4;4;3;3;4;4;3;4;4;4;4;4;4;2;2;4;4;4;4;4;4;4;1;1;1;2;2;2;3;2;;;;;;;;;;;;;;;;
208;4;4;4;2;2;1;17;2;2;2;2;8;3;4;4;3;3;4;4;3;4;32;4;3;4;3;3;17;3;3;2;8;3;3;3;2;3;3;17;2;2;2;6;2;1;2;2;4;11;1;41;2;11;2;1;15;1;10;4;4;4;3;3;2;2;3;3;3;1;4;4;3;3;4;4;3;4;4;4;4;4;4;2;2;4;4;4;4;4;4;4;1;1;1;2;2;2;3;2;;;;;;;;;;;;;;;;
209;3;3;3;4;2;3;18;2;2;3;3;10;3;3;3;3;3;3;4;3;4;29;4;3;4;2;3;16;4;4;4;12;2;3;3;3;3;3;17;3;4;4;11;3;3;4;3;4;17;1;41;2;11;2;1;15;1;10;4;4;4;3;3;2;2;3;3;3;1;4;4;3;3;4;4;3;4;4;4;4;4;4;2;2;4;4;4;4;4;4;4;1;1;1;2;2;2;3;2;;;;;;;;;;;;;;;;
210;3;4;3;3;2;1;16;3;2;3;3;11;3;4;4;4;4;3;4;4;4;34;4;4;4;4;4;20;4;4;4;12;4;4;4;4;3;3;22;3;3;3;9;3;3;3;3;4;16;1;41;2;11;2;1;15;1;10;4;4;4;3;3;2;2;3;3;3;1;4;4;3;3;4;4;3;4;4;4;4;4;4;2;2;4;4;4;4;4;4;4;1;1;1;2;2;2;3;2;;;;;;;;;;;;;;;;
211;2;3;2;3;3;3;16;3;3;3;3;12;3;3;3;3;3;3;3;3;3;27;3;2;3;3;3;14;3;3;4;10;2;3;3;3;3;3;17;2;2;2;6;3;2;2;3;3;13;1;41;2;11;2;1;15;1;10;4;4;4;3;3;2;2;3;3;3;1;4;4;3;3;4;4;3;4;4;4;4;4;4;2;2;4;4;4;4;4;4;4;1;1;1;2;2;2;3;2;;;;;;;;;;;;;;;;
212;4;3;4;4;3;3;21;4;4;4;4;16;3;3;4;4;4;4;4;4;4;34;4;4;4;4;4;20;4;4;4;12;4;4;4;4;4;4;24;4;4;4;12;3;4;4;4;4;19;1;41;2;11;2;1;15;1;10;4;4;4;3;3;2;2;3;3;3;1;4;4;3;3;4;4;3;4;4;4;4;4;4;2;2;4;4;4;4;4;4;4;1;1;1;2;2;2;3;2;;;;;;;;;;;;;;;;
213;4;4;4;4;4;3;23;3;4;4;3;14;4;4;4;4;4;4;4;4;4;36;4;4;4;4;4;20;4;4;4;12;4;4;4;4;4;4;24;4;4;4;12;4;4;4;4;4;20;1;41;2;11;2;1;15;1;10;4;4;4;3;3;2;2;3;3;3;1;4;4;3;3;4;4;3;4;4;4;4;4;4;2;2;4;4;4;4;4;4;4;1;1;1;2;2;2;3;2;;;;;;;;;;;;;;;;
214;3;4;4;4;4;3;22;3;3;3;3;12;4;3;4;4;3;2;4;4;4;32;4;4;3;3;3;17;4;4;3;11;3;3;3;3;2;3;17;4;3;3;10;3;4;3;2;4;16;1;41;2;11;2;1;15;1;10;4;4;4;3;3;2;2;3;3;3;1;4;4;3;3;4;4;3;4;4;4;4;4;4;2;2;4;4;4;4;4;4;4;1;1;1;2;2;2;3;2;;;;;;;;;;;;;;;;
215;2;4;3;4;3;3;19;3;3;3;3;12;3;4;3;3;3;3;4;4;4;31;4;4;4;4;4;20;4;4;4;12;3;4;3;3;4;3;20;3;3;3;9;2;2;2;3;3;12;1;41;2;11;2;1;15;1;10;4;4;4;3;3;2;2;3;3;3;1;4;4;3;3;4;4;3;4;4;4;4;4;4;2;2;4;4;4;4;4;4;4;1;1;1;2;2;2;3;2;;;;;;;;;;;;;;;;
216;2;3;2;2;3;1;13;2;2;3;2;9;4;4;4;4;4;3;4;4;4;35;4;4;4;4;4;20;4;4;2;10;4;3;4;4;4;4;23;2;3;2;7;1;2;2;2;3;10;1;35;2;8;1;0;25;1;NA;3;3;4;4;4;3;2;4;NA;4;4;4;4;3;3;4;4;2;4;4;4;2;1;4;2;2;4;4;4;3;4;4;3;4;4;4;2;3;3;4;3;;;;;;;;;;;;;;;;
217;4;4;2;2;1;2;15;2;1;1;1;5;2;1;1;2;1;3;3;1;2;16;2;3;4;4;4;17;2;1;3;6;2;2;3;4;3;3;17;4;4;4;12;4;3;4;3;3;17;1;35;2;8;1;0;25;1;NA;3;3;4;4;4;3;2;4;NA;4;4;4;4;3;3;4;4;2;4;4;4;2;1;4;2;2;4;4;4;3;4;4;3;4;4;4;2;3;3;4;3;;;;;;;;;;;;;;;;
218;3;4;3;3;2;2;17;2;3;3;3;11;3;3;3;3;3;3;3;3;4;28;3;3;3;3;3;15;3;3;3;9;3;3;3;3;3;3;18;3;3;3;9;3;3;3;3;3;15;1;35;2;8;1;0;25;1;NA;3;3;4;4;4;3;2;4;NA;4;4;4;4;3;3;4;4;2;4;4;4;2;1;4;2;2;4;4;4;3;4;4;3;4;4;4;2;3;3;4;3;;;;;;;;;;;;;;;;
219;4;4;3;3;2;3;19;3;3;3;3;12;2;3;3;3;3;3;4;3;4;28;4;3;4;4;3;18;3;3;3;9;4;3;3;3;4;4;21;2;2;3;7;3;3;3;4;3;16;1;35;2;8;1;0;25;1;NA;3;3;4;4;4;3;2;4;NA;4;4;4;4;3;3;4;4;2;4;4;4;2;1;4;2;2;4;4;4;3;4;4;3;4;4;4;2;3;3;4;3;;;;;;;;;;;;;;;;
220;4;4;3;4;2;3;20;4;NA;3;3;10;4;4;3;3;2;3;4;4;4;31;4;4;4;4;3;19;3;4;3;10;4;3;3;3;3;3;19;3;4;3;10;4;3;3;4;4;18;1;35;2;8;1;0;25;1;NA;3;3;4;4;4;3;2;4;NA;4;4;4;4;3;3;4;4;2;4;4;4;2;1;4;2;2;4;4;4;3;4;4;3;4;4;4;2;3;3;4;3;;;;;;;;;;;;;;;;
221;3;3;3;3;3;3;18;2;2;2;3;9;3;3;3;3;3;3;3;3;3;27;3;3;3;3;3;15;3;3;3;9;3;3;3;3;3;3;18;3;3;3;9;3;3;3;3;3;15;1;35;2;8;1;0;25;1;NA;3;3;4;4;4;3;2;4;NA;4;4;4;4;3;3;4;4;2;4;4;4;2;1;4;2;2;4;4;4;3;4;4;3;4;4;4;2;3;3;4;3;;;;;;;;;;;;;;;;
222;3;3;2;2;1;2;13;2;3;4;2;11;4;4;3;3;3;4;4;4;4;33;4;4;4;4;4;20;4;NA;2;6;3;3;3;4;4;3;20;1;3;3;7;2;2;2;1;3;10;1;35;2;8;1;0;25;1;NA;3;3;4;4;4;3;2;4;NA;4;4;4;4;3;3;4;4;2;4;4;4;2;1;4;2;2;4;4;4;3;4;4;3;4;4;4;2;3;3;4;3;;;;;;;;;;;;;;;;
223;3;4;3;3;3;3;19;3;3;3;3;12;3;3;3;3;3;4;3;3;3;28;2;3;3;3;3;14;3;3;3;9;3;2;3;3;3;3;17;3;3;3;9;3;3;3;3;3;15;1;35;2;8;1;0;25;1;NA;3;3;4;4;4;3;2;4;NA;4;4;4;4;3;3;4;4;2;4;4;4;2;1;4;2;2;4;4;4;3;4;4;3;4;4;4;2;3;3;4;3;;;;;;;;;;;;;;;;
224;1;4;3;1;1;2;12;2;2;2;2;8;3;3;2;1;1;3;4;3;4;24;4;3;3;3;3;16;4;3;3;10;2;2;2;2;1;3;12;1;2;2;5;1;1;1;1;2;6;1;35;2;8;1;0;25;1;NA;3;3;4;4;4;3;2;4;NA;4;4;4;4;3;3;4;4;2;4;4;4;2;1;4;2;2;4;4;4;3;4;4;3;4;4;4;2;3;3;4;3;;;;;;;;;;;;;;;;
225;3;4;3;3;2;2;17;3;3;3;3;12;3;3;3;3;3;3;4;3;3;28;4;4;4;4;4;20;4;4;3;11;2;2;2;2;3;3;14;3;4;3;10;3;3;3;4;4;17;1;35;2;8;1;0;25;1;NA;3;3;4;4;4;3;2;4;NA;4;4;4;4;3;3;4;4;2;4;4;4;2;1;4;2;2;4;4;4;3;4;4;3;4;4;4;2;3;3;4;3;;;;;;;;;;;;;;;;
226;3;4;3;4;2;3;19;3;2;3;3;11;4;3;3;2;3;3;4;3;2;27;3;4;4;4;4;19;4;2;2;8;4;4;4;2;4;4;22;4;4;3;11;4;4;4;2;4;18;1;35;2;8;1;0;25;1;NA;3;3;4;4;4;3;2;4;NA;4;4;4;4;3;3;4;4;2;4;4;4;2;1;4;2;2;4;4;4;3;4;4;3;4;4;4;2;3;3;4;3;;;;;;;;;;;;;;;;
227;4;4;3;3;3;3;20;4;4;3;3;14;3;3;4;4;4;3;4;4;4;33;4;3;4;3;3;17;4;3;3;10;3;3;4;3;4;2;19;2;3;3;8;3;3;4;3;4;17;1;35;2;8;1;0;25;1;NA;3;3;4;4;4;3;2;4;NA;4;4;4;4;3;3;4;4;2;4;4;4;2;1;4;2;2;4;4;4;3;4;4;3;4;4;4;2;3;3;4;3;;;;;;;;;;;;;;;;
228;4;4;4;3;3;4;22;3;3;3;3;12;3;4;3;3;3;4;4;3;4;31;4;4;4;4;4;20;3;4;3;10;4;4;4;4;4;4;24;3;4;4;11;3;3;3;4;4;17;1;35;2;8;1;0;25;1;NA;3;3;4;4;4;3;2;4;NA;4;4;4;4;3;3;4;4;2;4;4;4;2;1;4;2;2;4;4;4;3;4;4;3;4;4;4;2;3;3;4;3;;;;;;;;;;;;;;;;
229;3;4;3;3;2;3;18;3;3;2;3;11;3;3;3;3;2;2;4;3;3;26;4;3;4;3;3;17;4;2;2;8;4;4;4;3;4;4;23;3;3;3;9;4;4;3;4;4;19;1;35;2;8;1;0;25;1;NA;3;3;4;4;4;3;2;4;NA;4;4;4;4;3;3;4;4;2;4;4;4;2;1;4;2;2;4;4;4;3;4;4;3;4;4;4;2;3;3;4;3;;;;;;;;;;;;;;;;
230;3;4;3;3;3;3;19;3;3;2;3;11;3;4;3;3;3;3;3;3;4;29;4;3;3;3;3;16;2;3;3;8;3;3;2;2;3;2;15;3;3;3;9;2;2;3;3;3;13;1;35;2;8;1;0;25;1;NA;3;3;4;4;4;3;2;4;NA;4;4;4;4;3;3;4;4;2;4;4;4;2;1;4;2;2;4;4;4;3;4;4;3;4;4;4;2;3;3;4;3;;;;;;;;;;;;;;;;
231;4;4;4;4;4;3;23;3;3;2;3;11;3;3;3;3;3;3;4;3;4;29;4;3;4;4;3;18;3;2;2;7;4;4;3;2;3;3;19;3;3;3;9;3;3;3;4;3;16;1;35;2;8;1;0;25;1;NA;3;3;4;4;4;3;2;4;NA;4;4;4;4;3;3;4;4;2;4;4;4;2;1;4;2;2;4;4;4;3;4;4;3;4;4;4;2;3;3;4;3;;;;;;;;;;;;;;;;
232;4;4;3;3;2;3;19;3;3;3;3;12;4;4;3;3;4;3;4;3;4;32;3;3;4;4;4;18;4;3;3;10;4;4;4;3;4;3;22;2;2;3;7;4;3;4;4;4;19;1;35;2;8;1;0;25;1;NA;3;3;4;4;4;3;2;4;NA;4;4;4;4;3;3;4;4;2;4;4;4;2;1;4;2;2;4;4;4;3;4;4;3;4;4;4;2;3;3;4;3;;;;;;;;;;;;;;;;
233;4;4;3;3;2;3;19;3;3;3;2;11;4;4;4;4;4;4;4;4;4;36;4;4;4;4;4;20;4;4;3;11;4;4;4;3;4;4;23;4;3;3;10;3;4;4;3;4;18;1;35;2;8;1;0;25;1;NA;3;3;4;4;4;3;2;4;NA;4;4;4;4;3;3;4;4;2;4;4;4;2;1;4;2;2;4;4;4;3;4;4;3;4;4;4;2;3;3;4;3;;;;;;;;;;;;;;;;
234;3;4;3;2;2;3;17;3;4;3;2;12;4;3;3;4;3;3;4;4;3;31;3;3;4;4;4;18;3;3;2;8;3;3;3;2;3;3;17;3;4;3;10;4;3;3;4;4;18;1;35;2;8;1;0;25;1;NA;3;3;4;4;4;3;2;4;NA;4;4;4;4;3;3;4;4;2;4;4;4;2;1;4;2;2;4;4;4;3;4;4;3;4;4;4;2;3;3;4;3;;;;;;;;;;;;;;;;
235;4;4;3;4;3;3;21;3;4;4;4;15;4;3;2;3;3;2;4;3;3;27;4;4;4;3;4;19;2;3;2;7;4;3;4;2;4;3;20;2;3;3;8;4;4;4;3;4;19;1;35;2;8;1;0;25;1;NA;3;3;4;4;4;3;2;4;NA;4;4;4;4;3;3;4;4;2;4;4;4;2;1;4;2;2;4;4;4;3;4;4;3;4;4;4;2;3;3;4;3;;;;;;;;;;;;;;;;
236;3;3;4;3;4;4;21;4;4;4;3;15;4;4;4;4;2;4;4;2;4;32;4;4;4;4;4;20;4;4;3;11;4;4;4;2;4;2;20;4;2;2;8;4;4;4;3;4;19;1;35;2;8;1;0;25;1;NA;3;3;4;4;4;3;2;4;NA;4;4;4;4;3;3;4;4;2;4;4;4;2;1;4;2;2;4;4;4;3;4;4;3;4;4;4;2;3;3;4;3;;;;;;;;;;;;;;;;
237;3;4;4;3;2;3;19;3;3;3;2;11;3;4;3;4;4;4;4;3;4;33;4;3;4;4;4;19;3;3;2;8;4;4;3;3;3;4;21;3;3;3;9;3;3;3;2;3;14;1;35;2;8;1;0;25;1;NA;3;3;4;4;4;3;2;4;NA;4;4;4;4;3;3;4;4;2;4;4;4;2;1;4;2;2;4;4;4;3;4;4;3;4;4;4;2;3;3;4;3;;;;;;;;;;;;;;;;
238;2;3;3;2;2;4;16;3;3;3;3;12;3;3;3;3;3;3;4;3;3;28;3;3;3;3;3;15;3;3;2;8;3;3;3;3;3;2;17;2;2;3;7;2;4;2;3;3;14;1;35;2;8;1;0;25;1;NA;3;3;4;4;4;3;2;4;NA;4;4;4;4;3;3;4;4;2;4;4;4;2;1;4;2;2;4;4;4;3;4;4;3;4;4;4;2;3;3;4;3;;;;;;;;;;;;;;;;
239;3;3;3;3;2;2;16;3;3;3;3;12;3;3;3;3;3;3;3;3;3;27;3;3;3;3;3;15;3;3;3;9;3;3;3;3;3;3;18;3;3;3;9;3;3;3;3;3;15;1;35;2;8;1;0;25;1;NA;3;3;4;4;4;3;2;4;NA;4;4;4;4;3;3;4;4;2;4;4;4;2;1;4;2;2;4;4;4;3;4;4;3;4;4;4;2;3;3;4;3;;;;;;;;;;;;;;;;
240;1;2;3;4;1;4;15;4;4;4;4;16;4;4;4;4;4;4;4;3;4;35;4;4;4;4;4;20;4;2;2;8;4;4;4;4;4;4;24;1;1;1;3;1;1;1;4;3;10;0;33;3;8;2;1;20;1;2;1;3;3;1;1;1;4;4;4;2;4;4;4;3;4;4;4;2;3;2;4;2;1;4;2;1;4;4;4;4;4;4;4;1;2;2;2;3;2;2;4;;;;;;;;;;;;;;;;
241;4;4;4;3;4;3;22;NA;3;4;4;11;4;4;4;4;4;4;4;4;4;36;4;4;4;4;4;20;4;4;4;12;4;4;4;4;4;4;24;4;4;4;12;4;4;4;4;4;20;0;33;3;8;2;1;20;1;2;1;3;3;1;1;1;4;4;4;2;4;4;4;3;4;4;4;2;3;2;4;2;1;4;2;1;4;4;4;4;4;4;4;1;2;2;2;3;2;2;4;;;;;;;;;;;;;;;;
242;4;4;3;2;3;3;19;3;3;3;3;12;3;4;4;4;3;4;4;4;4;34;4;3;3;3;3;16;3;3;3;9;3;3;3;1;2;1;13;3;3;3;9;4;4;4;4;4;20;0;33;3;8;2;1;20;1;2;1;3;3;1;1;1;4;4;4;2;4;4;4;3;4;4;4;2;3;2;4;2;1;4;2;1;4;4;4;4;4;4;4;1;2;2;2;3;2;2;4;;;;;;;;;;;;;;;;
243;3;3;2;2;2;3;15;3;3;3;3;12;3;3;3;3;3;3;3;3;3;27;3;3;3;3;3;15;3;3;3;9;3;3;3;3;3;3;18;3;3;3;9;3;3;3;3;3;15;0;33;3;8;2;1;20;1;2;1;3;3;1;1;1;4;4;4;2;4;4;4;3;4;4;4;2;3;2;4;2;1;4;2;1;4;4;4;4;4;4;4;1;2;2;2;3;2;2;4;;;;;;;;;;;;;;;;
244;3;4;3;3;3;2;18;4;3;3;3;13;4;4;4;4;3;3;4;4;4;34;4;3;3;4;3;17;4;4;3;11;4;3;4;3;3;4;21;3;3;3;9;3;3;3;4;4;17;0;33;3;8;2;1;20;1;2;1;3;3;1;1;1;4;4;4;2;4;4;4;3;4;4;4;2;3;2;4;2;1;4;2;1;4;4;4;4;4;4;4;1;2;2;2;3;2;2;4;;;;;;;;;;;;;;;;
245;2;4;3;2;3;1;15;4;4;4;3;15;4;3;2;3;3;3;4;4;4;30;3;3;3;4;4;17;4;4;4;12;3;3;3;3;3;3;18;2;2;2;6;2;2;2;4;4;14;0;33;3;8;2;1;20;1;2;1;3;3;1;1;1;4;4;4;2;4;4;4;3;4;4;4;2;3;2;4;2;1;4;2;1;4;4;4;4;4;4;4;1;2;2;2;3;2;2;4;;;;;;;;;;;;;;;;
246;3;4;4;3;3;2;19;3;2;3;2;10;3;3;4;4;3;4;4;3;4;32;4;4;4;4;4;20;4;3;3;10;3;4;3;2;4;4;20;3;3;3;9;2;2;2;3;3;12;0;33;3;8;2;1;20;1;2;1;3;3;1;1;1;4;4;4;2;4;4;4;3;4;4;4;2;3;2;4;2;1;4;2;1;4;4;4;4;4;4;4;1;2;2;2;3;2;2;4;;;;;;;;;;;;;;;;
247;3;4;3;3;2;3;18;3;3;3;3;12;4;4;4;4;4;4;4;3;3;34;4;3;4;4;4;19;4;4;4;12;4;4;4;4;4;4;24;4;4;4;12;4;4;4;4;4;20;0;33;3;8;2;1;20;1;2;1;3;3;1;1;1;4;4;4;2;4;4;4;3;4;4;4;2;3;2;4;2;1;4;2;1;4;4;4;4;4;4;4;1;2;2;2;3;2;2;4;;;;;;;;;;;;;;;;
248;4;4;4;4;3;2;21;3;2;3;3;11;3;3;3;3;3;2;3;3;2;25;3;3;3;3;3;15;3;3;2;8;3;3;3;2;3;3;17;3;3;3;9;3;3;3;4;4;17;0;33;3;8;2;1;20;1;2;1;3;3;1;1;1;4;4;4;2;4;4;4;3;4;4;4;2;3;2;4;2;1;4;2;1;4;4;4;4;4;4;4;1;2;2;2;3;2;2;4;;;;;;;;;;;;;;;;
249;3;3;3;2;2;2;15;3;3;3;3;12;4;4;4;4;4;4;4;4;4;36;4;4;4;4;4;20;4;4;4;12;3;3;3;3;3;3;18;3;2;2;7;2;2;2;2;3;11;0;33;3;8;2;1;20;1;2;1;3;3;1;1;1;4;4;4;2;4;4;4;3;4;4;4;2;3;2;4;2;1;4;2;1;4;4;4;4;4;4;4;1;2;2;2;3;2;2;4;;;;;;;;;;;;;;;;
250;3;4;2;2;4;2;17;3;3;2;2;10;4;4;4;4;4;4;4;4;4;36;4;4;4;4;4;20;4;4;4;12;3;3;3;1;2;1;13;2;2;2;6;3;3;2;4;3;15;0;33;3;8;2;1;20;1;2;1;3;3;1;1;1;4;4;4;2;4;4;4;3;4;4;4;2;3;2;4;2;1;4;2;1;4;4;4;4;4;4;4;1;2;2;2;3;2;2;4;;;;;;;;;;;;;;;;
251;4;4;4;4;1;1;18;3;3;2;3;11;1;4;3;3;4;3;4;4;4;30;3;3;3;3;4;16;3;4;1;8;4;4;4;1;3;3;19;3;4;2;9;4;2;2;1;4;13;0;33;3;8;2;1;20;1;2;1;3;3;1;1;1;4;4;4;2;4;4;4;3;4;4;4;2;3;2;4;2;1;4;2;1;4;4;4;4;4;4;4;1;2;2;2;3;2;2;4;;;;;;;;;;;;;;;;
252;3;4;4;3;3;2;19;3;2;3;3;11;3;4;4;4;4;3;3;3;4;32;3;3;4;4;4;18;3;3;3;9;4;4;3;3;4;4;22;3;2;3;8;3;3;3;3;3;15;0;33;3;8;2;1;20;1;2;1;3;3;1;1;1;4;4;4;2;4;4;4;3;4;4;4;2;3;2;4;2;1;4;2;1;4;4;4;4;4;4;4;1;2;2;2;3;2;2;4;;;;;;;;;;;;;;;;
253;4;4;3;3;2;3;19;3;3;3;4;13;4;4;4;4;3;4;4;4;3;34;4;4;4;4;4;20;3;3;3;9;4;4;4;2;4;4;22;3;3;3;9;4;4;4;4;4;20;0;33;3;8;2;1;20;1;2;1;3;3;1;1;1;4;4;4;2;4;4;4;3;4;4;4;2;3;2;4;2;1;4;2;1;4;4;4;4;4;4;4;1;2;2;2;3;2;2;4;;;;;;;;;;;;;;;;
254;4;4;3;4;3;2;20;3;3;4;4;14;4;4;4;4;4;4;4;4;4;36;4;4;4;4;4;20;4;4;4;12;3;3;3;3;3;3;18;2;2;4;8;2;2;3;4;4;15;0;33;3;8;2;1;20;1;2;1;3;3;1;1;1;4;4;4;2;4;4;4;3;4;4;4;2;3;2;4;2;1;4;2;1;4;4;4;4;4;4;4;1;2;2;2;3;2;2;4;;;;;;;;;;;;;;;;
255;3;4;3;2;2;2;16;3;2;3;3;11;3;4;3;3;3;3;4;3;4;30;2;2;4;3;3;14;4;3;3;10;4;4;4;3;4;3;22;3;3;3;9;3;3;3;3;4;16;0;33;3;8;2;1;20;1;2;1;3;3;1;1;1;4;4;4;2;4;4;4;3;4;4;4;2;3;2;4;2;1;4;2;1;4;4;4;4;4;4;4;1;2;2;2;3;2;2;4;;;;;;;;;;;;;;;;
256;3;2;2;2;2;1;12;2;2;3;2;9;4;4;4;4;4;4;4;4;4;36;4;4;4;4;4;20;4;4;4;12;3;3;3;2;3;2;16;3;3;3;9;2;2;3;3;3;13;0;33;3;8;2;1;20;1;2;1;3;3;1;1;1;4;4;4;2;4;4;4;3;4;4;4;2;3;2;4;2;1;4;2;1;4;4;4;4;4;4;4;1;2;2;2;3;2;2;4;;;;;;;;;;;;;;;;
257;4;4;4;4;4;4;24;4;4;4;4;16;4;4;4;4;4;4;4;4;4;36;4;4;4;4;4;20;4;4;4;12;4;4;4;4;4;4;24;4;4;4;12;4;4;4;4;4;20;0;33;3;8;2;1;20;1;2;1;3;3;1;1;1;4;4;4;2;4;4;4;3;4;4;4;2;3;2;4;2;1;4;2;1;4;4;4;4;4;4;4;1;2;2;2;3;2;2;4;;;;;;;;;;;;;;;;
258;3;3;3;2;3;3;17;3;3;3;3;12;4;4;4;4;4;4;4;4;4;36;4;4;4;4;4;20;4;4;4;12;4;4;4;4;4;4;24;4;4;3;11;3;3;3;3;3;15;0;33;3;8;2;1;20;1;2;1;3;3;1;1;1;4;4;4;2;4;4;4;3;4;4;4;2;3;2;4;2;1;4;2;1;4;4;4;4;4;4;4;1;2;2;2;3;2;2;4;;;;;;;;;;;;;;;;
259;4;4;4;4;4;4;24;4;4;3;3;14;4;4;4;4;4;4;4;4;4;36;4;4;4;4;4;20;4;4;4;12;4;4;4;3;3;3;21;4;4;4;12;4;4;4;4;4;20;0;33;3;8;2;1;20;1;2;1;3;3;1;1;1;4;4;4;2;4;4;4;3;4;4;4;2;3;2;4;2;1;4;2;1;4;4;4;4;4;4;4;1;2;2;2;3;2;2;4;;;;;;;;;;;;;;;;
260;3;4;3;3;3;3;19;3;3;3;3;12;3;3;3;3;3;3;4;3;4;29;3;3;3;3;3;15;3;2;3;8;4;4;4;3;4;4;23;3;3;3;9;3;3;3;4;4;17;0;33;3;8;2;1;20;1;2;1;3;3;1;1;1;4;4;4;2;4;4;4;3;4;4;4;2;3;2;4;2;1;4;2;1;4;4;4;4;4;4;4;1;2;2;2;3;2;2;4;;;;;;;;;;;;;;;;
261;2;4;1;2;2;1;12;2;3;2;3;10;1;2;3;3;2;3;4;3;3;24;3;4;4;2;4;17;4;3;2;9;4;4;4;3;4;3;22;3;2;3;8;3;3;4;3;4;17;0;33;3;8;2;1;20;1;2;1;3;3;1;1;1;4;4;4;2;4;4;4;3;4;4;4;2;3;2;4;2;1;4;2;1;4;4;4;4;4;4;4;1;2;2;2;3;2;2;4;;;;;;;;;;;;;;;;
262;3;4;4;3;NA;2;16;3;3;4;3;13;3;4;3;4;4;3;4;4;4;33;4;3;4;4;4;19;4;3;3;10;3;4;4;4;4;4;23;3;4;4;11;4;3;4;4;4;19;0;54;3;34;2;1;20;1;10;3;3;4;4;3;3;2;4;4;3;2;4;4;4;4;4;4;4;4;NA;NA;17;NA;4;2;2;3;4;4;4;NA;4;4;2;4;3;3;2;4;4;4;;;;;;;;;;;;;;;;
263;3;4;2;2;2;3;16;2;2;3;3;10;3;4;3;3;4;4;4;4;4;33;4;4;4;4;4;20;4;4;3;11;4;4;4;3;3;3;21;3;3;3;9;3;3;3;4;3;16;0;54;3;34;2;1;20;1;10;3;3;4;4;3;3;2;4;4;3;2;4;4;4;4;4;4;4;4;NA;NA;18;NA;4;2;2;3;4;4;4;NA;4;4;2;4;3;3;2;4;4;4;;;;;;;;;;;;;;;;
264;3;3;3;3;2;3;17;3;3;3;3;12;2;3;3;3;3;3;4;3;3;27;3;3;3;3;4;16;3;3;3;9;3;3;3;3;3;3;18;3;3;3;9;3;3;3;2;3;14;0;54;3;34;2;1;20;1;10;3;3;4;4;3;3;2;4;4;3;2;4;4;4;4;4;4;4;4;NA;NA;19;NA;4;2;2;3;4;4;4;NA;4;4;2;4;3;3;2;4;4;4;;;;;;;;;;;;;;;;
265;3;3;1;3;4;1;15;3;4;2;3;12;3;4;4;4;4;4;4;4;4;35;4;4;4;4;4;20;4;4;4;12;4;4;4;4;4;4;24;4;3;3;10;3;3;3;3;3;15;0;54;3;34;2;1;20;1;10;3;3;4;4;3;3;2;4;4;3;2;4;4;4;4;4;4;4;4;NA;NA;20;NA;4;2;2;3;4;4;4;NA;4;4;2;4;3;3;2;4;4;4;;;;;;;;;;;;;;;;
266;4;4;4;4;4;4;24;4;4;4;4;16;4;4;4;4;4;4;4;4;4;36;4;4;4;4;4;20;4;4;4;12;4;4;4;4;4;4;24;4;4;4;12;4;4;4;4;4;20;0;54;3;34;2;1;20;1;10;3;3;4;4;3;3;2;4;4;3;2;4;4;4;4;4;4;4;4;NA;NA;21;NA;4;2;2;3;4;4;4;NA;4;4;2;4;3;3;2;4;4;4;;;;;;;;;;;;;;;;
267;4;4;4;4;4;4;24;4;4;4;3;15;3;4;4;4;4;3;4;4;4;34;4;2;4;2;4;16;4;4;4;12;4;4;4;4;4;4;24;4;4;4;12;4;4;4;4;4;20;0;54;3;34;2;1;20;1;10;3;3;4;4;3;3;2;4;4;3;2;4;4;4;4;4;4;4;4;NA;NA;22;NA;4;2;2;3;4;4;4;NA;4;4;2;4;3;3;2;4;4;4;;;;;;;;;;;;;;;;
268;3;4;4;3;3;4;21;3;3;3;3;12;4;4;4;4;4;4;4;4;4;36;4;4;4;4;4;20;4;4;4;12;4;4;4;4;4;4;24;3;3;3;9;3;3;3;4;4;17;0;54;3;34;2;1;20;1;10;3;3;4;4;3;3;2;4;4;3;2;4;4;4;4;4;4;4;4;NA;NA;23;NA;4;2;2;3;4;4;4;NA;4;4;2;4;3;3;2;4;4;4;;;;;;;;;;;;;;;;
269;4;4;3;3;4;4;22;4;4;4;4;16;4;4;4;4;4;4;4;4;4;36;4;4;4;3;4;19;4;4;4;12;4;4;4;3;4;4;23;4;4;4;12;4;4;4;4;4;20;0;54;3;34;2;1;20;1;10;3;3;4;4;3;3;2;4;4;3;2;4;4;4;4;4;4;4;4;NA;NA;24;NA;4;2;2;3;4;4;4;NA;4;4;2;4;3;3;2;4;4;4;;;;;;;;;;;;;;;;
270;4;4;4;4;4;2;22;3;2;3;3;11;4;4;4;4;4;4;4;4;4;36;4;4;4;4;4;20;4;4;4;12;4;4;4;4;4;4;24;4;4;4;12;4;4;4;4;4;20;0;54;3;34;2;1;20;1;10;3;3;4;4;3;3;2;4;4;3;2;4;4;4;4;4;4;4;4;NA;NA;25;NA;4;2;2;3;4;4;4;NA;4;4;2;4;3;3;2;4;4;4;;;;;;;;;;;;;;;;
271;3;4;2;2;2;3;16;3;3;3;3;12;3;2;2;3;2;3;3;3;3;24;3;3;3;4;3;16;3;3;3;9;3;3;3;3;3;3;18;3;3;3;9;2;3;2;3;3;13;0;54;3;34;2;1;20;1;10;3;3;4;4;3;3;2;4;4;3;2;4;4;4;4;4;4;4;4;NA;NA;26;NA;4;2;2;3;4;4;4;NA;4;4;2;4;3;3;2;4;4;4;;;;;;;;;;;;;;;;
272;4;4;3;4;2;3;20;4;3;3;4;14;3;4;3;3;4;4;4;4;4;33;4;4;4;4;4;20;4;4;4;12;4;4;4;2;4;3;21;4;4;4;12;4;4;4;2;4;18;0;54;3;34;2;1;20;1;10;3;3;4;4;3;3;2;4;4;3;2;4;4;4;4;4;4;4;4;NA;NA;27;NA;4;2;2;3;4;4;4;NA;4;4;2;4;3;3;2;4;4;4;;;;;;;;;;;;;;;;
273;4;4;3;3;4;3;21;3;3;3;3;12;3;3;3;3;3;3;3;3;3;27;3;3;3;3;3;15;3;3;3;9;3;3;3;3;3;3;18;3;3;3;9;3;3;3;3;3;15;0;54;3;34;2;1;20;1;10;3;3;4;4;3;3;2;4;4;3;2;4;4;4;4;4;4;4;4;NA;NA;28;NA;4;2;2;3;4;4;4;NA;4;4;2;4;3;3;2;4;4;4;;;;;;;;;;;;;;;;
274;3;4;2;3;4;3;19;4;3;3;3;13;4;4;4;4;4;4;4;4;4;36;4;4;4;4;4;20;4;4;4;12;4;4;4;4;4;4;24;3;2;3;8;1;3;1;4;2;11;0;54;3;34;2;1;20;1;10;3;3;4;4;3;3;2;4;4;3;2;4;4;4;4;4;4;4;4;NA;NA;29;NA;4;2;2;3;4;4;4;NA;4;4;2;4;3;3;2;4;4;4;;;;;;;;;;;;;;;;
275;3;4;3;2;2;2;16;2;2;3;2;9;2;1;3;2;4;4;4;2;4;26;3;2;3;1;4;13;4;2;1;7;3;3;3;3;3;3;18;4;1;1;6;1;2;3;2;2;10;0;54;3;34;2;1;20;1;10;3;3;4;4;3;3;2;4;4;3;2;4;4;4;4;4;4;4;4;NA;NA;30;NA;4;2;2;3;4;4;4;NA;4;4;2;4;3;3;2;4;4;4;;;;;;;;;;;;;;;;
276;4;4;3;3;3;3;20;4;4;3;3;14;4;4;4;4;4;4;4;4;4;36;4;4;4;4;4;20;4;4;4;12;4;4;4;3;4;4;23;4;4;4;12;4;4;4;4;4;20;0;54;3;34;2;1;20;1;10;3;3;4;4;3;3;2;4;4;3;2;4;4;4;4;4;4;4;4;NA;NA;31;NA;4;2;2;3;4;4;4;NA;4;4;2;4;3;3;2;4;4;4;;;;;;;;;;;;;;;;
277;4;4;3;3;2;2;18;3;3;3;3;12;4;4;3;4;4;3;4;4;4;34;4;4;4;4;4;20;4;3;3;10;4;4;4;3;3;4;22;3;3;3;9;3;3;3;4;4;17;0;54;3;34;2;1;20;1;10;3;3;4;4;3;3;2;4;4;3;2;4;4;4;4;4;4;4;4;NA;NA;32;NA;4;2;2;3;4;4;4;NA;4;4;2;4;3;3;2;4;4;4;;;;;;;;;;;;;;;;
278;4;4;4;3;3;3;21;4;3;3;3;13;3;4;3;3;4;4;4;2;4;31;3;2;2;4;4;15;3;2;2;7;4;4;4;4;3;4;23;3;3;3;9;4;4;4;4;4;20;1;30;2;6;1;0;25;1;20;4;3;4;3;3;4;2;2;4;4;4;4;4;4;4;4;4;3;4;4;4;4;3;4;4;4;3;4;4;4;4;4;4;4;3;3;3;4;4;4;4;;;;;;;;;;;;;;;;
279;3;4;3;2;3;3;18;3;2;3;4;12;3;4;3;3;4;4;4;4;4;33;4;3;4;4;4;19;4;3;4;11;4;4;3;3;2;3;19;3;4;3;10;1;2;2;2;3;10;1;30;2;6;1;0;25;1;20;4;3;4;3;3;4;2;2;4;4;4;4;4;4;4;4;4;3;4;4;4;4;3;4;4;4;3;4;4;4;4;4;4;4;3;3;3;4;4;4;4;;;;;;;;;;;;;;;;
280;3;4;2;2;2;3;16;3;2;4;3;12;1;4;4;4;4;4;4;4;4;33;4;4;4;4;4;20;4;4;3;11;4;4;4;4;4;4;24;4;3;3;10;1;2;1;2;2;8;1;30;2;6;1;0;25;1;20;4;3;4;3;3;4;2;2;4;4;4;4;4;4;4;4;4;3;4;4;4;4;3;4;4;4;3;4;4;4;4;4;4;4;3;3;3;4;4;4;4;;;;;;;;;;;;;;;;
281;3;3;3;2;3;3;17;3;3;4;2;12;3;3;3;3;4;3;4;4;4;31;4;4;4;4;3;19;4;4;4;12;3;3;3;3;3;3;18;3;3;3;9;3;3;3;3;3;15;1;30;2;6;1;0;25;1;20;4;3;4;3;3;4;2;2;4;4;4;4;4;4;4;4;4;3;4;4;4;4;3;4;4;4;3;4;4;4;4;4;4;4;3;3;3;4;4;4;4;;;;;;;;;;;;;;;;
282;3;4;4;3;3;3;20;3;3;3;3;12;3;4;4;4;4;4;4;4;4;35;4;4;4;4;4;20;4;4;3;11;4;4;4;3;4;4;23;3;3;3;9;3;2;3;3;4;15;1;30;2;6;1;0;25;1;20;4;3;4;3;3;4;2;2;4;4;4;4;4;4;4;4;4;3;4;4;4;4;3;4;4;4;3;4;4;4;4;4;4;4;3;3;3;4;4;4;4;;;;;;;;;;;;;;;;
283;4;4;2;3;3;3;19;4;3;3;3;13;3;3;3;2;3;3;4;3;4;28;3;4;4;4;4;19;4;4;3;11;4;4;4;4;3;3;22;3;3;3;9;3;3;3;3;3;15;1;30;2;6;1;0;25;1;20;4;3;4;3;3;4;2;2;4;4;4;4;4;4;4;4;4;3;4;4;4;4;3;4;4;4;3;4;4;4;4;4;4;4;3;3;3;4;4;4;4;;;;;;;;;;;;;;;;
284;4;4;4;4;4;3;23;4;4;3;4;15;4;4;4;4;4;4;4;4;4;36;4;4;4;4;4;20;4;4;4;12;4;4;4;4;4;4;24;4;4;4;12;4;4;4;4;4;20;1;30;2;6;1;0;25;1;20;4;3;4;3;3;4;2;2;4;4;4;4;4;4;4;4;4;3;4;4;4;4;3;4;4;4;3;4;4;4;4;4;4;4;3;3;3;4;4;4;4;;;;;;;;;;;;;;;;
285;3;4;3;2;3;3;18;3;3;2;3;11;2;3;3;4;4;4;4;3;4;31;3;3;4;3;4;17;3;3;3;9;4;4;3;3;4;4;22;1;3;3;7;1;1;2;3;3;10;1;30;2;6;1;0;25;1;20;4;3;4;3;3;4;2;2;4;4;4;4;4;4;4;4;4;3;4;4;4;4;3;4;4;4;3;4;4;4;4;4;4;4;3;3;3;4;4;4;4;;;;;;;;;;;;;;;;
286;3;4;3;4;2;2;18;2;2;3;2;9;4;4;4;4;4;4;4;4;4;36;4;4;4;4;4;20;4;4;4;12;4;4;4;4;4;4;24;4;4;4;12;2;2;2;3;4;13;1;30;2;6;1;0;25;1;20;4;3;4;3;3;4;2;2;4;4;4;4;4;4;4;4;4;3;4;4;4;4;3;4;4;4;3;4;4;4;4;4;4;4;3;3;3;4;4;4;4;;;;;;;;;;;;;;;;
287;3;3;3;3;3;2;17;2;3;3;2;10;3;2;2;2;2;3;4;3;3;24;3;3;3;2;3;14;1;2;2;5;3;3;3;2;2;3;16;3;3;2;8;2;2;2;2;2;10;1;30;2;6;1;0;25;1;20;4;3;4;3;3;4;2;2;4;4;4;4;4;4;4;4;4;3;4;4;4;4;3;4;4;4;3;4;4;4;4;4;4;4;3;3;3;4;4;4;4;;;;;;;;;;;;;;;;
288;2;4;3;2;2;2;15;3;3;3;2;11;4;3;1;2;2;2;3;2;2;21;2;2;2;1;3;10;3;3;1;7;2;2;3;2;3;3;15;2;2;2;6;2;2;2;3;2;11;1;30;2;6;1;0;25;1;20;4;3;4;3;3;4;2;2;4;4;4;4;4;4;4;4;4;3;4;4;4;4;3;4;4;4;3;4;4;4;4;4;4;4;3;3;3;4;4;4;4;;;;;;;;;;;;;;;;
289;4;4;3;2;3;1;17;2;2;3;2;9;4;4;4;4;4;4;4;4;4;36;4;4;4;4;4;20;4;4;4;12;3;4;4;2;2;3;18;3;3;3;9;3;3;3;3;3;15;1;30;2;6;1;0;25;1;20;4;3;4;3;3;4;2;2;4;4;4;4;4;4;4;4;4;3;4;4;4;4;3;4;4;4;3;4;4;4;4;4;4;4;3;3;3;4;4;4;4;;;;;;;;;;;;;;;;
290;3;4;3;3;2;2;17;2;2;3;3;10;3;3;3;2;2;2;3;3;3;24;3;3;3;3;3;15;3;3;3;9;3;3;3;2;3;3;17;3;3;3;9;3;2;3;3;3;14;1;30;2;6;1;0;25;1;20;4;3;4;3;3;4;2;2;4;4;4;4;4;4;4;4;4;3;4;4;4;4;3;4;4;4;3;4;4;4;4;4;4;4;3;3;3;4;4;4;4;;;;;;;;;;;;;;;;
291;4;4;4;3;3;2;20;3;3;3;4;13;4;4;4;4;3;3;4;3;4;33;4;4;4;4;4;20;4;4;4;12;4;4;4;1;4;4;21;4;2;3;9;4;2;3;3;3;15;1;30;2;6;1;0;25;1;20;4;3;4;3;3;4;2;2;4;4;4;4;4;4;4;4;4;3;4;4;4;4;3;4;4;4;3;4;4;4;4;4;4;4;3;3;3;4;4;4;4;;;;;;;;;;;;;;;;
292;4;4;3;3;1;2;17;2;2;3;2;9;4;4;3;3;3;3;4;3;4;31;4;4;4;4;4;20;4;3;3;10;4;4;4;4;4;3;23;1;2;2;5;3;3;3;3;3;15;1;30;2;6;1;0;25;1;20;4;3;4;3;3;4;2;2;4;4;4;4;4;4;4;4;4;3;4;4;4;4;3;4;4;4;3;4;4;4;4;4;4;4;3;3;3;4;4;4;4;;;;;;;;;;;;;;;;
293;3;3;2;3;2;2;15;2;3;2;2;9;3;3;3;3;3;3;4;3;4;29;3;3;4;4;3;17;3;3;2;8;4;3;4;2;3;3;19;3;2;2;7;4;4;4;4;4;20;1;30;2;6;1;0;25;1;20;4;3;4;3;3;4;2;2;4;4;4;4;4;4;4;4;4;3;4;4;4;4;3;4;4;4;3;4;4;4;4;4;4;4;3;3;3;4;4;4;4;;;;;;;;;;;;;;;;
294;3;4;3;2;2;2;16;3;2;3;2;10;3;2;3;2;2;2;3;2;2;21;2;3;3;2;2;12;2;2;2;6;1;2;1;2;2;1;9;2;2;2;6;2;2;2;2;3;11;1;30;2;6;1;0;25;1;20;4;3;4;3;3;4;2;2;4;4;4;4;4;4;4;4;4;3;4;4;4;4;3;4;4;4;3;4;4;4;4;4;4;4;3;3;3;4;4;4;4;;;;;;;;;;;;;;;;
295;2;4;4;3;3;3;19;3;2;3;2;10;4;4;4;4;4;4;4;4;4;36;4;4;4;4;4;20;4;4;4;12;4;4;4;3;4;3;22;4;4;4;12;4;4;4;4;4;20;1;30;2;6;1;0;25;1;20;4;3;4;3;3;4;2;2;4;4;4;4;4;4;4;4;4;3;4;4;4;4;3;4;4;4;3;4;4;4;4;4;4;4;3;3;3;4;4;4;4;;;;;;;;;;;;;;;;
296;4;4;3;4;2;2;19;3;2;3;3;11;4;4;3;3;3;3;4;4;4;32;4;4;3;4;4;19;3;3;3;9;3;3;4;3;4;4;21;3;4;4;11;4;4;4;4;4;20;1;30;2;6;1;0;25;1;20;4;3;4;3;3;4;2;2;4;4;4;4;4;4;4;4;4;3;4;4;4;4;3;4;4;4;3;4;4;4;4;4;4;4;3;3;3;4;4;4;4;;;;;;;;;;;;;;;;
297;4;4;3;3;3;3;20;4;3;NA;4;11;4;4;4;4;4;4;4;NA;4;32;4;4;4;3;3;18;3;2;2;7;3;3;3;3;3;3;18;3;3;NA;6;3;3;3;3;3;15;1;30;2;6;1;0;25;1;20;4;3;4;3;3;4;2;2;4;4;4;4;4;4;4;4;4;3;4;4;4;4;3;4;4;4;3;4;4;4;4;4;4;4;3;3;3;4;4;4;4;;;;;;;;;;;;;;;;
298;3;4;1;3;2;3;16;3;3;3;4;13;3;3;3;3;4;4;4;4;4;32;4;4;4;4;3;19;2;4;2;8;3;3;3;3;3;3;18;2;4;4;10;3;3;3;3;3;15;1;30;2;6;1;0;25;1;20;4;3;4;3;3;4;2;2;4;4;4;4;4;4;4;4;4;3;4;4;4;4;3;4;4;4;3;4;4;4;4;4;4;4;3;3;3;4;4;4;4;;;;;;;;;;;;;;;;
299;4;4;4;2;3;2;19;2;2;1;2;7;3;3;2;4;3;4;3;4;4;30;4;3;4;3;4;18;4;4;3;11;3;3;3;1;4;3;17;2;3;2;7;1;2;3;4;3;13;1;30;2;6;1;0;25;1;20;4;3;4;3;3;4;2;2;4;4;4;4;4;4;4;4;4;3;4;4;4;4;3;4;4;4;3;4;4;4;4;4;4;4;3;3;3;4;4;4;4;;;;;;;;;;;;;;;;
300;4;4;3;4;3;2;20;4;4;3;3;14;4;4;4;3;3;3;4;3;4;32;3;4;3;4;4;18;4;3;3;10;4;4;4;3;3;4;22;4;4;3;11;4;2;3;4;4;17;1;30;2;6;1;0;25;1;20;4;3;4;3;3;4;2;2;4;4;4;4;4;4;4;4;4;3;4;4;4;4;3;4;4;4;3;4;4;4;4;4;4;4;3;3;3;4;4;4;4;;;;;;;;;;;;;;;;
301;3;3;3;2;2;2;15;3;2;2;2;9;3;4;3;3;3;3;4;3;4;30;2;2;2;3;3;12;3;3;2;8;3;2;3;2;3;2;15;3;3;3;9;3;2;3;2;3;13;1;30;2;6;1;0;29;1;20;1;3;4;2;3;3;4;2;4;4;4;4;4;3;3;4;4;4;4;4;4;3;1;4;1;2;1;4;4;4;1;4;4;3;4;4;3;4;4;4;4;;;;;;;;;;;;;;;;
302;3;3;3;4;3;3;19;3;3;3;3;12;3;4;4;4;4;3;4;4;4;34;4;3;4;3;3;17;3;3;3;9;3;3;3;3;3;3;18;3;3;3;9;3;3;3;3;4;16;1;30;2;6;1;0;29;1;20;1;3;4;2;3;3;4;2;4;4;4;4;4;3;3;4;4;4;4;4;4;3;1;4;1;2;1;4;4;4;1;4;4;3;4;4;3;4;4;4;4;;;;;;;;;;;;;;;;
303;4;4;4;3;2;3;20;3;3;3;3;12;4;4;4;4;4;4;4;3;4;35;4;4;4;3;4;19;3;3;3;9;4;4;4;3;3;3;21;3;3;3;9;4;4;3;3;3;17;1;30;2;6;1;0;29;1;20;1;3;4;2;3;3;4;2;4;4;4;4;4;3;3;4;4;4;4;4;4;3;1;4;1;2;1;4;4;4;1;4;4;3;4;4;3;4;4;4;4;;;;;;;;;;;;;;;;
304;4;4;4;3;2;2;19;3;2;2;3;10;2;4;2;3;3;3;4;4;4;29;4;4;3;4;4;19;3;3;2;8;3;3;3;1;3;2;15;2;2;2;6;2;2;2;3;3;12;1;30;2;6;1;0;29;1;20;1;3;4;2;3;3;4;2;4;4;4;4;4;3;3;4;4;4;4;4;4;3;1;4;1;2;1;4;4;4;1;4;4;3;4;4;3;4;4;4;4;;;;;;;;;;;;;;;;
305;3;3;1;1;1;2;11;2;2;2;1;7;3;2;2;2;2;2;3;1;3;20;3;3;4;3;4;17;4;4;2;10;4;1;1;1;3;3;13;3;4;4;11;3;3;3;2;2;13;1;30;2;6;1;0;29;1;20;1;3;4;2;3;3;4;2;4;4;4;4;4;3;3;4;4;4;4;4;4;3;1;4;1;2;1;4;4;4;1;4;4;3;4;4;3;4;4;4;4;;;;;;;;;;;;;;;;
306;3;4;4;4;3;3;21;3;4;4;4;15;4;2;4;4;4;3;3;3;4;31;4;4;4;4;4;20;4;4;4;12;4;4;4;4;4;4;24;4;4;4;12;4;4;4;4;4;20;1;30;2;6;1;0;29;1;20;1;3;4;2;3;3;4;2;4;4;4;4;4;3;3;4;4;4;4;4;4;3;1;4;1;2;1;4;4;4;1;4;4;3;4;4;3;4;4;4;4;;;;;;;;;;;;;;;;
307;3;4;1;2;1;2;13;2;2;2;2;8;4;3;4;4;4;4;4;4;4;35;4;4;4;4;4;20;4;4;3;11;3;3;3;2;3;3;17;2;3;2;7;3;3;3;1;3;13;1;30;2;6;1;0;29;1;20;1;3;4;2;3;3;4;2;4;4;4;4;4;3;3;4;4;4;4;4;4;3;1;4;1;2;1;4;4;4;1;4;4;3;4;4;3;4;4;4;4;;;;;;;;;;;;;;;;
308;2;2;2;2;2;2;12;2;2;2;2;8;4;4;4;4;4;4;4;4;4;36;4;3;4;4;4;19;4;4;3;11;2;1;1;2;2;2;10;2;1;3;6;1;1;1;1;1;5;1;30;2;6;1;0;29;1;20;1;3;4;2;3;3;4;2;4;4;4;4;4;3;3;4;4;4;4;4;4;3;1;4;1;2;1;4;4;4;1;4;4;3;4;4;3;4;4;4;4;;;;;;;;;;;;;;;;
309;2;4;4;4;2;2;18;3;2;3;3;11;2;3;2;3;3;3;3;2;2;23;3;3;2;3;3;14;3;2;2;7;3;3;4;4;4;3;21;1;2;2;5;2;2;2;3;3;12;1;30;2;6;1;0;29;1;20;1;3;4;2;3;3;4;2;4;4;4;4;4;3;3;4;4;4;4;4;4;3;1;4;1;2;1;4;4;4;1;4;4;3;4;4;3;4;4;4;4;;;;;;;;;;;;;;;;
310;3;3;2;2;3;1;14;2;2;3;2;9;4;4;3;3;3;3;4;4;4;32;4;4;4;4;4;20;4;3;3;10;3;3;3;1;3;3;16;3;2;3;8;3;3;3;2;4;15;1;30;2;6;1;0;29;1;20;1;3;4;2;3;3;4;2;4;4;4;4;4;3;3;4;4;4;4;4;4;3;1;4;1;2;1;4;4;4;1;4;4;3;4;4;3;4;4;4;4;;;;;;;;;;;;;;;;
311;3;4;4;4;2;4;21;4;4;4;4;16;3;4;4;4;4;4;4;4;4;35;4;4;4;4;4;20;4;4;4;12;4;4;4;4;4;4;24;4;4;4;12;4;4;4;4;4;20;1;30;2;6;1;0;29;1;20;1;3;4;2;3;3;4;2;4;4;4;4;4;3;3;4;4;4;4;4;4;3;1;4;1;2;1;4;4;4;1;4;4;3;4;4;3;4;4;4;4;;;;;;;;;;;;;;;;
312;3;3;3;3;2;2;16;3;3;2;3;11;3;3;3;3;3;3;3;3;3;27;3;3;3;3;3;15;3;3;3;9;3;2;3;2;2;2;14;3;3;3;9;3;3;3;3;3;15;1;30;2;6;1;0;29;1;20;1;3;4;2;3;3;4;2;4;4;4;4;4;3;3;4;4;4;4;4;4;3;1;4;1;2;1;4;4;4;1;4;4;3;4;4;3;4;4;4;4;;;;;;;;;;;;;;;;
313;3;3;1;4;2;1;14;2;2;3;4;11;4;4;3;3;3;2;4;3;3;29;3;3;3;3;3;15;3;2;1;6;4;4;1;1;3;3;16;1;1;3;5;2;3;2;3;4;14;1;30;2;6;1;0;29;1;20;1;3;4;2;3;3;4;2;4;4;4;4;4;3;3;4;4;4;4;4;4;3;1;4;1;2;1;4;4;4;1;4;4;3;4;4;3;4;4;4;4;;;;;;;;;;;;;;;;
314;4;4;3;3;3;3;20;3;3;2;2;10;4;4;4;4;4;4;4;4;4;36;4;4;4;3;4;19;4;4;4;12;4;4;4;2;3;3;20;3;3;3;9;3;3;3;4;3;16;1;30;2;6;1;0;29;1;20;1;3;4;2;3;3;4;2;4;4;4;4;4;3;3;4;4;4;4;4;4;3;1;4;1;2;1;4;4;4;1;4;4;3;4;4;3;4;4;4;4;;;;;;;;;;;;;;;;
315;3;3;3;3;;2;14;2;3;3;3;11;3;3;3;3;3;3;3;3;3;27;3;3;3;3;3;15;3;3;3;9;3;2;3;3;2;2;15;3;3;3;9;3;2;3;2;4;14;1;30;2;6;1;0;29;1;20;1;3;4;2;3;3;4;2;4;4;4;4;4;3;3;4;4;4;4;4;4;3;1;4;1;2;1;4;4;4;1;4;4;3;4;4;3;4;4;4;4;;;;;;;;;16;14;34;12;4;21;11;16
316;4;4;3;3;1;2;17;3;3;2;4;12;2;3;4;4;4;3;4;4;3;31;4;3;4;4;4;19;4;3;4;11;4;4;4;3;3;3;21;2;3;3;8;4;3;3;4;4;18;1;30;2;6;1;0;29;1;20;1;3;4;2;3;3;4;2;4;4;4;4;4;3;3;4;4;4;4;4;4;3;1;4;1;2;1;4;4;4;1;4;4;3;4;4;3;4;4;4;4;;;;;;;;;16;14;34;12;4;21;11;16
317;4;4;3;2;4;2;19;1;2;3;3;9;3;3;4;4;3;3;4;4;4;32;4;4;4;4;4;20;4;4;3;11;2;2;3;3;2;3;15;3;3;3;9;3;3;3;3;3;15;1;30;2;6;1;0;29;1;20;1;3;4;2;3;3;4;2;4;4;4;4;4;3;3;4;4;4;4;4;4;3;1;4;1;2;1;4;4;4;1;4;4;3;4;4;3;4;4;4;4;;;;;;;;;16;14;34;12;4;21;11;16
318;4;4;2;3;1;1;15;3;1;2;1;7;4;4;4;4;4;3;4;4;4;35;4;4;4;4;4;20;4;3;4;11;2;3;3;3;3;3;17;2;1;1;4;2;2;2;4;4;14;1;30;2;6;1;0;29;1;20;1;3;4;2;3;3;4;2;4;4;4;4;4;3;3;4;4;4;4;4;4;3;1;4;1;2;1;4;4;4;1;4;4;3;4;4;3;4;4;4;4;;;;;;;;;16;14;34;12;4;21;11;16
319;4;4;4;3;4;3;22;4;3;3;3;13;4;4;4;4;4;4;4;3;3;34;4;3;4;4;4;19;4;3;2;9;3;3;3;3;3;3;18;3;3;3;9;3;3;3;3;4;16;1;30;2;6;1;0;29;1;20;1;3;4;2;3;3;4;2;4;4;4;4;4;3;3;4;4;4;4;4;4;3;1;4;1;2;1;4;4;4;1;4;4;3;4;4;3;4;4;4;4;;;;;;;;;16;14;34;12;4;21;11;16
320;3;4;3;NA;3;NA;13;NA;NA;NA;NA;0;4;4;3;3;3;3;3;NA;4;27;3;NA;3;3;3;12;3;NA;NA;3;3;3;3;NA;3;3;15;NA;4;NA;4;4;NA;NA;1;3;8;1;30;2;6;1;0;29;1;20;1;3;4;2;3;3;4;2;4;4;4;4;4;3;3;4;4;4;4;4;4;3;1;4;1;2;1;4;4;4;1;4;4;3;4;4;3;4;4;4;4;;;;;;;;;16;14;34;12;4;21;11;16
321;4;4;4;3;3;3;21;4;3;4;4;15;3;3;4;3;3;4;4;4;4;32;4;4;4;3;4;19;4;4;3;11;1;3;3;2;2;2;13;3;4;4;11;4;4;4;4;4;20;1;30;2;6;1;0;29;1;20;1;3;4;2;3;3;4;2;4;4;4;4;4;3;3;4;4;4;4;4;4;3;1;4;1;2;1;4;4;4;1;4;4;3;4;4;3;4;4;4;4;;;;;;;;;16;14;34;12;4;21;11;16
322;2;2;3;3;1;1;12;1;1;2;2;6;3;4;4;4;4;4;4;4;4;35;4;4;4;4;4;20;4;4;4;12;2;2;3;1;1;2;11;2;1;1;4;1;1;2;1;3;8;1;30;2;6;1;0;29;1;20;1;3;4;2;3;3;4;2;4;4;4;4;4;3;3;4;4;4;4;4;4;3;1;4;1;2;1;4;4;4;1;4;4;3;4;4;3;4;4;4;4;;;;;;;;;16;14;34;12;4;21;11;16
323;4;4;3;4;4;3;22;3;3;3;3;12;3;3;2;3;3;3;4;3;3;27;3;3;3;3;3;15;3;2;2;7;3;3;3;3;3;3;18;3;3;3;9;2;3;3;3;3;14;1;30;2;6;1;0;29;1;20;1;3;4;2;3;3;4;2;4;4;4;4;4;3;3;4;4;4;4;4;4;3;1;4;1;2;1;4;4;4;1;4;4;3;4;4;3;4;4;4;4;;;;;;;;;16;14;34;12;4;21;11;16
324;4;4;3;4;2;3;20;3;3;3;3;12;4;4;4;4;4;3;4;3;4;34;4;3;4;4;4;19;4;3;3;10;3;2;2;2;2;1;12;3;3;4;10;4;4;4;4;4;20;1;30;2;6;1;0;29;1;20;1;3;4;2;3;3;4;2;4;4;4;4;4;3;3;4;4;4;4;4;4;3;1;4;1;2;1;4;4;4;1;4;4;3;4;4;3;4;4;4;4;;;;;;;;;16;14;34;12;4;21;11;16
325;4;3;3;2;3;3;18;3;3;3;2;11;1;4;3;3;4;3;3;4;3;28;3;3;4;4;3;17;3;3;4;10;3;3;3;2;3;4;18;4;4;4;12;2;3;3;3;3;14;1;30;2;6;1;0;29;1;20;1;3;4;2;3;3;4;2;4;4;4;4;4;3;3;4;4;4;4;4;4;3;1;4;1;2;1;4;4;4;1;4;4;3;4;4;3;4;4;4;4;;;;;;;;;16;14;34;12;4;21;11;16
326;4;4;4;4;4;4;24;3;3;3;4;13;4;4;4;4;4;4;4;4;4;36;4;3;4;4;4;19;4;4;4;12;3;3;3;3;3;3;18;3;3;3;9;3;3;3;3;3;15;0;54;3;34;2;1;20;1;10;3;3;4;4;3;3;2;4;4;3;2;4;4;4;4;4;4;4;4;NA;NA;4;NA;4;2;2;3;4;4;4;NA;4;4;2;4;3;3;2;4;4;4;;;;;;;;;20;13;34;4;7;20;9;14
327;2;3;3;2;2;2;14;4;3;3;3;13;4;4;4;4;4;4;4;4;4;36;4;4;4;4;4;20;4;4;4;12;4;4;4;2;3;3;20;3;2;3;8;3;3;3;3;2;14;0;38;3;19;2;0;18;1;10;3;3;3;4;3;3;1;3;4;2;2;4;4;3;4;4;4;3;4;4;4;2;2;4;2;2;3;4;4;3;4;4;4;1;2;3;1;1;3;1;3;;;;;;;;;19;10;32;12;7;23;6;8
328;3;4;3;3;2;3;18;2;3;2;3;10;2;2;2;2;2;4;2;3;3;22;3;3;3;3;3;15;2;3;3;8;4;3;3;2;3;3;18;3;2;3;8;3;3;4;3;3;16;1;47;2;25;1;0;25;1;15;3;2;2;3;2;3;2;3;3;2;3;3;3;2;3;2;4;3;32;3;2;2;3;2;2;2;3;3;3;3;3;3;3;3;3;3;2;2;2;3;2;;;;;;;;;15;10;55;10;7;18;9;9
329;4;1;1;1;1;2;10;2;2;3;2;9;3;2;2;2;3;3;4;3;4;26;4;4;4;4;4;20;4;4;4;12;4;4;4;3;3;3;21;3;1;2;6;2;3;2;3;3;13;1;47;2;25;1;0;25;1;15;3;2;2;3;2;3;2;3;3;2;3;3;3;2;3;2;4;3;32;3;2;2;3;2;2;2;3;3;3;3;3;3;3;3;3;3;2;2;2;3;2;;;;;;;;;15;10;55;10;7;18;9;9
330;4;3;3;4;3;2;19;3;2;4;4;13;4;4;3;3;3;3;4;3;3;30;3;3;3;4;4;17;4;3;3;10;4;4;4;4;4;4;24;3;4;4;11;4;4;4;3;4;19;1;47;2;25;1;0;25;1;15;3;2;2;3;2;3;2;3;3;2;3;3;3;2;3;2;4;3;32;3;2;2;3;2;2;2;3;3;3;3;3;3;3;3;3;3;2;2;2;3;2;;;;;;;;;15;10;55;10;7;18;9;9
331;4;4;4;4;4;2;22;3;3;3;2;11;3;4;3;3;3;3;4;4;4;31;4;4;4;4;4;20;4;4;4;12;4;2;4;2;3;3;18;3;4;4;11;2;3;2;2;4;13;1;47;2;25;1;0;25;1;15;3;2;2;3;2;3;2;3;3;2;3;3;3;2;3;2;4;3;32;3;2;2;3;2;2;2;3;3;3;3;3;3;3;3;3;3;2;2;2;3;2;;;;;;;;;;;;;;;;
332;3;4;2;3;4;2;18;3;2;4;4;13;3;3;3;3;3;4;4;3;4;30;3;4;4;4;4;19;4;4;4;12;4;4;4;4;4;4;24;3;3;3;9;3;3;3;4;4;17;1;47;2;25;1;0;25;1;15;3;2;2;3;2;3;2;3;3;2;3;3;3;2;3;2;4;3;32;3;2;2;3;2;2;2;3;3;3;3;3;3;3;3;3;3;2;2;2;3;2;;;;;;;;;;;;;;;;
333;2;4;4;3;4;2;19;4;4;2;3;13;1;3;2;2;3;3;3;3;3;23;3;3;4;4;4;18;4;4;3;11;2;4;2;3;3;2;16;2;3;4;9;4;3;3;4;4;18;1;47;2;25;1;0;25;1;15;3;2;2;3;2;3;2;3;3;2;3;3;3;2;3;2;4;3;32;3;2;2;3;2;2;2;3;3;3;3;3;3;3;3;3;3;2;2;2;3;2;;;;;;;;;;;;;;;;
334;4;4;3;3;2;4;20;3;3;4;3;13;2;3;3;3;3;3;4;3;3;27;4;3;3;4;3;17;3;2;2;7;3;3;3;2;3;3;17;2;3;3;8;3;4;4;4;4;19;1;47;2;25;1;0;25;1;15;3;2;2;3;2;3;2;3;3;2;3;3;3;2;3;2;4;3;32;3;2;2;3;2;2;2;3;3;3;3;3;3;3;3;3;3;2;2;2;3;2;;;;;;;;;;;;;;;;
335;4;4;4;4;3;3;22;3;4;4;4;15;4;3;3;2;2;4;4;4;4;30;4;4;4;4;4;20;2;2;2;6;3;4;4;3;3;4;21;3;2;3;8;3;3;3;2;4;15;0;40;2;16;2;0;10;1;20;3;3;3;1;3;3;1;4;4;2;3;3;3;3;3;3;3;2;3;3;3;2;1;3;1;1;3;4;2;2;3;3;2;3;3;3;2;3;3;3;3;;;;;;;;;;;;;;;;
336;3;4;4;4;2;2;19;3;2;3;3;11;3;3;2;3;2;3;4;2;4;26;3;3;4;4;3;17;3;3;3;9;3;3;3;3;3;3;18;3;4;4;11;3;3;3;3;3;15;0;40;2;16;2;0;10;1;20;3;3;3;1;3;3;1;4;4;2;3;3;3;3;3;3;3;2;3;3;3;2;1;3;1;1;3;4;2;2;3;3;2;3;3;3;2;3;3;3;3;;;;;;;;;;;;;;;;
337;NA;4;1;2;3;2;12;2;2;3;2;9;3;3;2;2;2;2;3;2;3;22;3;NA;3;3;3;12;3;2;2;7;3;3;3;NA;NA;3;12;3;NA;NA;3;2;2;3;2;3;12;0;40;2;16;2;0;10;1;20;3;3;3;1;3;3;1;4;4;2;3;3;3;3;3;3;3;2;3;3;3;2;1;3;1;1;3;4;2;2;3;3;2;3;3;3;2;3;3;3;3;;;;;;;;;;;;;;;;
338;3;4;4;3;3;3;20;4;2;3;3;12;2;2;2;2;2;3;3;2;4;22;3;4;4;4;4;19;3;3;3;9;3;4;4;4;4;4;23;3;4;3;10;4;4;4;4;4;20;0;40;2;16;2;0;10;1;20;3;3;3;1;3;3;1;4;4;2;3;3;3;3;3;3;3;2;3;3;3;2;1;3;1;1;3;4;2;2;3;3;2;3;3;3;2;3;3;3;3;;;;;;;;;;;;;;;;
339;4;3;2;2;2;2;15;3;2;2;3;10;3;2;3;3;3;2;3;3;2;24;3;3;3;3;3;15;3;3;2;8;3;3;3;2;2;3;16;2;2;3;7;3;3;3;3;3;15;0;34;1;7;1;0;20;1;11;3;3;4;1;3;2;3;2;4;3;2;3;3;3;4;4;3;3;3;4;4;2;3;4;2;1;3;4;4;3;3;4;4;1;3;3;3;3;4;4;4;;;;;;;;;;;;;;;;
340;4;4;4;4;3;3;22;3;3;4;4;14;4;4;4;4;4;4;4;4;4;36;4;4;4;4;4;20;4;4;3;11;4;4;4;3;3;3;21;4;3;3;10;3;3;4;4;4;18;0;34;1;7;1;0;20;1;11;3;3;4;1;3;2;3;2;4;3;2;3;3;3;4;4;3;3;3;4;4;2;3;4;2;1;3;4;4;3;3;4;4;1;3;3;3;3;4;4;4;;;;;;;;;;;;;;;;
341;3;3;3;2;3;3;17;3;3;3;3;12;1;2;2;2;2;4;3;3;3;22;2;3;3;2;3;13;3;2;1;6;2;1;2;1;1;4;11;3;2;2;7;2;3;3;2;4;14;0;34;1;7;1;0;20;1;11;3;3;4;1;3;2;3;2;4;3;2;3;3;3;4;4;3;3;3;4;4;2;3;4;2;1;3;4;4;3;3;4;4;1;3;3;3;3;4;4;4;;;;;;;;;;;;;;;;
342;4;3;4;4;4;3;22;3;3;4;3;13;3;3;4;3;3;3;3;3;3;28;3;3;3;2;3;14;3;4;3;10;4;3;3;3;3;3;19;3;3;3;9;3;3;3;4;4;17;0;34;1;7;1;0;20;1;11;3;3;4;1;3;2;3;2;4;3;2;3;3;3;4;4;3;3;3;4;4;2;3;4;2;1;3;4;4;3;3;4;4;1;3;3;3;3;4;4;4;;;;;;;;;;;;;;;;
343;3;3;2;3;2;2;15;2;2;3;3;10;3;3;3;4;4;4;4;4;4;33;4;4;4;4;4;20;4;4;4;12;4;4;4;4;4;4;24;4;3;3;10;3;3;3;4;4;17;0;41;1;20;1;1;22;1;10;4;4;3;2;3;4;4;3;4;4;4;4;4;3;3;4;4;4;4;4;4;4;4;4;4;2;2;4;4;4;4;4;4;2;4;4;4;4;4;4;4;;;;;;;;;;;;;;;;
344;3;3;2;1;1;2;12;2;3;2;2;9;2;2;2;2;2;2;3;3;3;21;3;3;3;2;3;14;3;3;2;8;3;2;2;2;4;3;16;3;1;3;7;3;2;3;3;3;14;0;41;1;20;1;1;22;1;10;4;4;3;2;3;4;4;3;4;4;4;4;4;3;3;4;4;4;4;4;4;4;4;4;4;2;2;4;4;4;4;4;4;2;4;4;4;4;4;4;4;;;;;;;;;;;;;;;;
345;4;4;3;3;2;2;18;4;2;3;4;13;3;;4;3;4;4;4;4;4;30;4;4;4;4;4;20;4;4;3;11;4;4;4;4;4;4;24;4;4;4;12;3;3;3;4;3;16;0;41;1;20;1;1;22;1;10;4;4;3;2;3;4;4;3;4;4;4;4;4;3;3;4;4;4;4;4;4;4;4;4;4;2;2;4;4;4;4;4;4;2;4;4;4;4;4;4;4;;;;;;;;;;;;;;;;
346;3;4;2;4;3;1;17;4;3;3;4;14;2;3;3;3;2;2;4;3;3;25;4;4;4;NA;3;15;3;3;4;10;4;4;4;4;4;4;24;NA;3;3;6;3;3;3;4;4;17;0;41;1;20;1;1;22;1;10;4;4;3;2;3;4;4;3;4;4;4;4;4;3;3;4;4;4;4;4;4;4;4;4;4;2;2;4;4;4;4;4;4;2;4;4;4;4;4;4;4;;;;;;;;;;;;;;;;
347;3;4;3;3;3;2;18;3;2;3;3;11;4;3;3;3;3;3;4;3;4;30;3;3;4;4;4;18;3;3;3;9;4;4;4;3;3;3;21;4;3;3;10;3;3;4;4;3;17;0;41;1;20;1;1;22;1;10;4;4;3;2;3;4;4;3;4;4;4;4;4;3;3;4;4;4;4;4;4;4;4;4;4;2;2;4;4;4;4;4;4;2;4;4;4;4;4;4;4;;;;;;;;;;;;;;;;
348;2;2;2;2;1;1;10;2;2;2;2;8;3;2;2;1;1;2;3;2;3;19;3;3;3;3;3;15;3;3;3;9;3;3;3;2;3;3;17;1;2;2;5;1;2;2;1;1;7;0;41;1;20;1;1;22;1;10;4;4;3;2;3;4;4;3;4;4;4;4;4;3;3;4;4;4;4;4;4;4;4;4;4;2;2;4;4;4;4;4;4;2;4;4;4;4;4;4;4;;;;;;;;;;;;;;;;
349;3;4;3;3;3;3;19;3;3;3;3;12;3;4;3;3;3;3;4;3;3;29;3;3;3;3;3;15;3;3;3;9;4;4;4;3;4;4;23;3;3;3;9;4;3;3;3;4;17;1;35;2;8;1;0;25;1;Muchas;3;3;4;3;4;3;3;3;4;2;3;4;4;4;3;4;4;4;4;4;4;3;2;3;3;2;3;4;3;3;2;4;3;4;3;3;2;2;2;3;3;;;;;;;;;;;;;;;;
350;3;3;2;2;1;1;12;2;2;2;2;8;4;4;4;4;4;4;4;4;4;36;4;4;4;4;4;20;4;4;4;12;4;4;4;3;4;4;23;4;4;4;12;4;2;2;4;4;16;1;35;2;8;1;0;25;1;Muchas;3;3;4;3;4;3;3;3;4;2;3;4;4;4;3;4;4;4;4;4;4;3;2;3;3;2;3;4;3;3;2;4;3;4;3;3;2;2;2;3;3;;;;;;;;;;;;;;;;
351;4;4;3;3;2;3;19;3;3;3;3;12;2;3;2;3;2;3;3;3;3;24;3;3;3;4;3;16;3;3;3;9;3;3;3;2;4;3;18;3;3;3;9;3;3;3;3;3;15;1;35;2;8;1;0;25;1;Muchas;3;3;4;3;4;3;3;3;4;2;3;4;4;4;3;4;4;4;4;4;4;3;2;3;3;2;3;4;3;3;2;4;3;4;3;3;2;2;2;3;3;;;;;;;;;;;;;;;;
352;4;4;4;4;4;3;23;3;4;4;3;14;4;4;4;4;4;4;4;4;4;36;4;4;4;4;4;20;4;4;4;12;4;4;4;4;4;4;24;4;4;4;12;4;4;4;4;4;20;1;35;2;8;1;0;25;1;Muchas;3;3;4;3;4;3;3;3;4;2;3;4;4;4;3;4;4;4;4;4;4;3;2;3;3;2;3;4;3;3;2;4;3;4;3;3;2;2;2;3;3;;;;;;;;;;;;;;;;
353;4;4;3;3;2;3;19;2;3;3;2;10;3;3;3;3;3;4;4;4;4;31;3;3;4;3;3;16;4;3;3;10;4;3;3;3;3;3;19;3;4;4;11;3;3;3;3;3;15;1;35;2;8;1;0;25;1;Muchas;3;3;4;3;4;3;3;3;4;2;3;4;4;4;3;4;4;4;4;4;4;3;2;3;3;2;3;4;3;3;2;4;3;4;3;3;2;2;2;3;3;;;;;;;;;;;;;;;;
354;4;4;4;3;2;3;20;3;3;3;4;13;3;4;4;3;4;4;4;4;4;34;4;4;4;4;4;20;4;4;4;12;4;4;3;3;4;4;22;3;3;3;9;4;4;4;4;4;20;1;35;2;8;1;0;25;1;Muchas;3;3;4;3;4;3;3;3;4;2;3;4;4;4;3;4;4;4;4;4;4;3;2;3;3;2;3;4;3;3;2;4;3;4;3;3;2;2;2;3;3;;;;;;;;;;;;;;;;
355;4;4;4;4;4;4;24;4;4;4;4;16;4;4;4;4;4;4;4;4;4;36;4;4;4;4;4;20;4;4;4;12;4;4;4;4;3;4;23;4;4;4;12;1;4;4;4;4;17;1;35;2;8;1;0;25;1;Muchas;3;3;4;3;4;3;3;3;4;2;3;4;4;4;3;4;4;4;4;4;4;3;2;3;3;2;3;4;3;3;2;4;3;4;3;3;2;2;2;3;3;;;;;;;;;;;;;;;;
356;4;4;1;3;1;2;15;2;3;4;4;13;3;1;1;3;2;2;4;1;1;18;1;4;4;4;4;17;4;2;3;9;4;4;4;4;4;4;24;4;4;2;10;1;2;1;4;3;11;0;40;2;15;2;1;25;1;10;4;4;4;4;3;3;2;2;3;3;4;4;3;3;3;2;4;2;4;3;4;2;2;4;2;2;2;4;4;4;4;4;4;4;3;3;3;3;3;4;4;;;;;;;;;;;;;;;;
357;3;3;3;2;2;3;16;3;3;2;3;11;3;2;3;3;3;2;3;3;3;25;3;3;3;2;3;14;3;2;2;7;2;2;3;2;3;3;15;3;3;3;9;2;2;2;3;4;13;0;40;2;15;2;1;25;1;10;4;4;4;4;3;3;2;2;3;3;4;4;3;3;3;2;4;2;4;3;4;2;2;4;2;2;2;4;4;4;4;4;4;4;3;3;3;3;3;4;4;;;;;;;;;;;;;;;;
358;4;4;4;4;2;NA;18;3;NA;3;NA;6;3;2;2;3;2;3;3;3;3;24;3;3;4;3;3;16;2;2;3;7;3;3;3;3;3;3;18;3;2;3;8;3;3;3;3;4;16;0;40;2;15;2;1;25;1;10;4;4;4;4;3;3;2;2;3;3;4;4;3;3;3;2;4;2;4;3;4;2;2;4;2;2;2;4;4;4;4;4;4;4;3;3;3;3;3;4;4;;;;;;;;;;;;;;;;
359;3;4;3;4;3;3;20;3;3;3;3;12;3;2;3;3;3;2;3;2;3;24;3;3;3;3;3;15;3;3;3;9;3;3;3;1;3;3;16;3;3;3;9;3;3;3;2;4;15;0;40;2;15;2;1;25;1;10;4;4;4;4;3;3;2;2;3;3;4;4;3;3;3;2;4;2;4;3;4;2;2;4;2;2;2;4;4;4;4;4;4;4;3;3;3;3;3;4;4;;;;;;;;;;;;;;;;
360;3;4;3;3;3;3;19;3;3;3;NA;9;3;3;3;3;3;3;4;3;3;28;3;3;3;3;3;15;3;3;3;9;3;3;3;2;3;2;16;2;2;2;6;3;3;3;3;3;15;0;37;2;10;2;1;17;1;3;4;4;4;4;4;3;3;3;3;3;4;4;4;4;4;4;4;2;4;4;4;3;3;4;3;2;4;4;4;4;4;4;4;3;3;3;3;3;4;4;4;;;;;;;;;;;;;;;;
361;4;3;2;4;2;2;17;3;2;3;2;10;3;3;3;3;4;4;4;4;4;32;4;3;3;3;3;16;3;2;3;8;3;3;3;2;2;3;16;4;4;4;12;3;3;3;3;4;16;0;37;2;10;2;1;17;1;3;4;4;4;4;4;3;3;3;3;3;4;4;4;4;4;4;4;2;4;4;4;3;3;4;3;2;4;4;4;4;4;4;4;3;3;3;3;3;4;4;4;;;;;;;;;;;;;;;;
362;4;4;3;3;4;4;22;3;3;3;3;12;3;2;3;3;3;3;3;3;4;27;4;3;3;3;1;14;3;3;3;9;3;3;3;3;3;3;18;3;3;3;9;3;3;3;3;3;15;0;40;1;20;1;1;19;1;10;4;3;4;3;2;3;3;3;3;3;4;4;3;3;3;4;4;3;4;3;4;2;2;4;2;2;3;4;4;4;4;4;4;1;2;2;3;3;3;4;3;;;;;;;;;;;;;;;;
363;4;4;3;4;3;4;22;4;4;3;4;15;3;3;4;3;4;4;4;3;4;32;4;4;4;3;4;19;3;4;3;10;4;4;4;3;4;4;23;4;3;4;11;4;4;4;4;4;20;0;40;1;20;1;1;19;1;10;4;3;4;3;2;3;3;3;3;3;4;4;3;3;3;4;4;3;4;3;4;2;2;4;2;2;3;4;4;4;4;4;4;1;2;2;3;3;3;4;3;;;;;;;;;;;;;;;;
364;3;4;4;3;3;2;19;3;3;4;3;13;4;3;3;3;3;3;4;4;4;31;3;3;3;3;2;14;3;3;2;8;4;3;4;3;4;3;21;3;3;3;9;3;3;3;4;4;17;0;40;1;20;1;1;19;1;10;4;3;4;3;2;3;3;3;3;3;4;4;3;3;3;4;4;3;4;3;4;2;2;4;2;2;3;4;4;4;4;4;4;1;2;2;3;3;3;4;3;;;;;;;;;;;;;;;;
365;4;4;4;4;4;4;24;4;4;4;4;16;4;4;4;4;4;4;4;4;4;36;4;4;4;4;4;20;4;4;4;12;4;4;4;4;4;4;24;4;4;4;12;4;4;4;4;4;20;0;40;2;17;2;0;15;1;5;3;3;3;2;2;2;1;2;3;2;3;3;3;3;3;3;3;3;3;3;3;2;2;3;2;1;2;3;4;4;4;3;3;3;3;3;3;3;3;3;3;;;;;;;;;;;;;;;;
366;4;4;2;3;2;1;16;2;2;2;3;9;4;2;2;3;3;4;4;3;2;27;2;3;4;4;3;16;3;4;2;9;3;4;4;4;4;3;22;4;4;4;12;2;3;4;2;4;15;0;40;2;17;2;0;15;1;5;3;3;3;2;2;2;1;2;3;2;3;3;3;3;3;3;3;3;3;3;3;2;2;3;2;1;2;3;4;4;4;3;3;3;3;3;3;3;3;3;3;;;;;;;;;;;;;;;;
367;4;3;3;3;2;2;17;4;2;2;4;12;2;2;2;2;2;2;4;2;3;21;3;3;3;4;4;17;4;4;4;12;4;4;4;4;4;4;24;4;1;1;6;4;4;4;4;4;20;0;40;2;17;2;0;15;1;5;3;3;3;2;2;2;1;2;3;2;3;3;3;3;3;3;3;3;3;3;3;2;2;3;2;1;2;3;4;4;4;3;3;3;3;3;3;3;3;3;3;;;;;;;;;;;;;;;;
368;3;4;2;3;2;2;16;2;2;3;3;10;3;2;2;2;2;3;4;3;4;25;4;4;4;4;3;19;2;4;2;8;4;4;4;4;4;4;24;2;2;2;6;3;4;3;2;3;15;0;40;2;17;2;0;15;1;5;3;3;3;2;2;2;1;2;3;2;3;3;3;3;3;3;3;3;3;3;3;2;2;3;2;1;2;3;4;4;4;3;3;3;3;3;3;3;3;3;3;;;;;;;;;;;;;;;;
369;3;4;3;3;2;3;18;3;2;3;3;11;3;3;3;3;3;2;4;3;3;27;3;NA;3;4;4;14;3;3;NA;6;3;3;3;2;3;3;17;3;3;3;9;3;3;3;3;4;16;0;40;2;19;1;1;27;1;10;4;4;4;4;3;4;3;3;4;3;4;4;4;4;4;NA;4;2;4;4;NA;2;NA;4;3;2;4;4;NA;NA;NA;2;NA;2;4;4;4;4;4;4;4;;;;;;;;;;;;;;;;
370;4;4;4;4;4;4;24;3;2;3;3;11;4;3;4;3;4;4;4;3;4;33;3;4;4;4;3;18;4;3;4;11;4;3;4;1;4;4;20;1;1;1;3;3;2;3;2;4;14;0;40;2;19;1;1;27;1;10;4;4;4;4;3;4;3;3;4;3;4;4;4;4;4;NA;4;2;4;4;NA;5;NA;4;3;2;4;4;NA;NA;NA;5;NA;2;4;4;4;4;4;4;4;;;;;;;;;;;;;;;;
371;3;3;3;3;4;3;19;4;2;4;3;13;2;3;3;3;3;4;4;4;4;30;4;3;3;3;3;16;3;4;3;10;3;2;2;4;2;2;15;3;3;3;9;2;2;3;4;3;14;1;41;2;11;2;1;15;1;10;4;4;4;3;3;2;2;3;3;3;1;4;4;3;3;4;4;3;4;4;4;4;4;4;2;2;4;4;4;4;4;4;4;1;1;1;2;2;2;3;2;;;;;;;;;;;;;;;;
372;3;3;1;4;2;2;15;2;3;3;3;11;4;3;3;3;2;3;4;2;3;27;3;3;3;3;3;15;4;3;2;9;3;3;3;3;3;3;18;3;2;2;7;3;3;3;2;3;14;1;41;2;11;2;1;15;1;10;4;4;4;3;3;2;2;3;3;3;1;4;4;3;3;4;4;3;4;4;4;4;4;4;2;2;4;4;4;4;4;4;4;1;1;1;2;2;2;3;2;;;;;;;;;;;;;;;;
373;3;4;3;3;2;3;18;3;2;3;2;10;4;3;4;3;4;3;4;4;4;33;3;3;4;4;4;18;4;4;4;12;3;3;3;3;3;3;18;3;2;2;7;3;3;3;3;3;15;0;33;3;8;2;1;20;1;2;1;3;3;1;1;1;4;4;4;2;4;4;4;3;4;4;4;2;3;2;4;2;1;4;2;1;4;4;4;4;4;4;4;1;2;2;2;3;2;2;4;;;;;;;;;;;;;;;;
374;3;4;4;3;3;3;20;2;3;4;2;11;3;3;4;4;4;4;4;3;4;33;3;4;4;3;4;18;4;3;2;9;3;3;2;2;1;3;14;3;3;3;9;2;2;3;4;4;15;0;33;3;8;2;1;20;1;2;1;3;3;1;1;1;4;4;4;2;4;4;4;3;4;4;4;2;3;2;4;2;1;4;2;1;4;4;4;4;4;4;4;1;2;2;2;3;2;2;4;;;;;;;;;;;;;;;;
375;3;4;3;3;2;1;16;2;2;3;2;9;4;4;3;3;3;2;4;3;3;29;3;3;3;2;3;14;2;3;3;8;3;3;3;1;3;3;16;1;1;1;3;1;2;2;3;4;12;0;33;3;8;2;1;20;1;2;1;3;3;1;1;1;4;4;4;2;4;4;4;3;4;4;4;2;3;2;4;2;1;4;2;1;4;4;4;4;4;4;4;1;2;2;2;3;2;2;4;;;;;;;;;;;;;;;;
376;1;1;3;1;2;1;9;1;1;1;1;4;3;3;3;3;3;3;4;3;3;28;3;4;4;4;3;18;4;4;4;12;4;4;4;4;4;3;23;1;1;1;3;1;1;1;1;1;5;0;33;3;8;2;1;20;1;2;1;3;3;1;1;1;4;4;4;2;4;4;4;3;4;4;4;2;3;2;4;2;1;4;2;1;4;4;4;4;4;4;4;1;2;2;2;3;2;2;4;;;;;;;;;;;;;;;;
377;4;3;3;3;4;4;21;4;2;3;3;12;3;3;3;3;4;3;3;3;3;28;3;4;4;4;3;18;3;4;4;11;4;4;4;3;3;3;21;3;3;2;8;3;3;3;4;3;16;0;33;3;8;2;1;20;1;2;1;3;3;1;1;1;4;4;4;2;4;4;4;3;4;4;4;2;3;2;4;2;1;4;2;1;4;4;4;4;4;4;4;1;2;2;2;3;2;2;4;;;;;;;;;;;;;;;;
378;3;3;3;3;3;3;18;3;3;3;3;12;3;4;4;4;4;4;4;4;4;35;4;4;4;4;4;20;4;4;3;11;3;4;3;2;4;3;19;3;3;3;9;3;3;3;4;4;17;0;33;3;8;2;1;20;1;2;1;3;3;1;1;1;4;4;4;2;4;4;4;3;4;4;4;2;3;2;4;2;1;4;2;1;4;4;4;4;4;4;4;1;2;2;2;3;2;2;4;;;;;;;;;;;;;;;;
379;3;3;3;3;2;2;16;2;2;2;2;8;3;3;3;3;3;3;3;4;3;28;3;3;3;3;3;15;3;3;3;9;2;2;3;2;2;3;14;3;2;2;7;3;3;3;3;4;16;1;30;2;6;1;0;29;1;20;1;3;4;2;3;3;4;2;4;4;4;4;4;3;3;4;4;4;4;4;4;3;1;4;1;2;1;4;4;4;1;4;4;3;4;4;3;4;4;4;4;;;;;;;;;;;;;;;;
380;4;3;3;3;3;2;18;3;2;3;3;11;3;3;4;3;2;3;3;3;3;27;3;2;3;3;4;15;3;3;2;8;4;3;3;2;3;3;18;3;3;2;8;3;4;3;3;3;16;1;30;2;6;1;0;29;1;20;1;3;4;2;3;3;4;2;4;4;4;4;4;3;3;4;4;4;4;4;4;3;1;4;1;2;1;4;4;4;1;4;4;3;4;4;3;4;4;4;4;;;;;;;;;;;;;;;;
381;3;3;2;3;3;3;17;3;3;3;4;13;3;4;4;4;3;3;3;2;2;28;4;4;4;3;3;18;3;3;3;9;3;3;4;4;4;3;21;4;3;4;11;3;3;4;4;4;18;1;30;2;6;1;0;29;1;20;1;3;4;2;3;3;4;2;4;4;4;4;4;3;3;4;4;4;4;4;4;3;1;4;1;2;1;4;4;4;1;4;4;3;4;4;3;4;4;4;4;;;;;;;;;;;;;;;;
;;;;;;;;;;;;;;;;;;;;;;;;;;;;;;;;;;;;;;;;;;;;;;;;;;;;;;;;;;;;;;;;;;;;;;;;;;;;;;;;;;;;;;;;;;;;;;;;;;;;;;;;;;;;;;;;;;;